ENSG00000027001	FBgn0033038
ENSG00000133114	FBgn0067629
ENSG00000083635	FBgn0036812
ENSG00000152520	FBgn0035397
ENSG00000188342	FBgn0010421
ENSG00000136122	FBgn0259791
ENSG00000089063	FBgn0032871
ENSG00000187676	FBgn0031765
ENSG00000125851	FBgn0023179
ENSG00000088930	FBgn0031868
ENSG00000120686	FBgn0085220
ENSG00000088451	FBgn0036698
ENSG00000131069	FBgn0012034
ENSG00000133119	FBgn0028700
ENSG00000125304	FBgn0032880
ENSG00000099917	FBgn0027592
ENSG00000089123	FBgn0263602
ENSG00000170191	FBgn0029801
ENSG00000132792	FBgn0037644
ENSG00000142207	FBgn0038968
ENSG00000185721	FBgn0010339
ENSG00000101452	FBgn0031631
ENSG00000120688	FBgn0031287
ENSG00000159259	FBgn0033526
ENSG00000125285	FBgn0042630
ENSG00000156261	FBgn0284436
ENSG00000136152	FBgn0031536
ENSG00000152749	FBgn0034674
ENSG00000198862	FBgn0262517
ENSG00000080189	FBgn0035449
ENSG00000083520	FBgn0039183
ENSG00000100294	FBgn0036691
ENSG00000133103	FBgn0033401
ENSG00000183943	FBgn0000489
ENSG00000102738	FBgn0036557
ENSG00000169084	FBgn0033204
ENSG00000011201	FBgn0039155
ENSG00000004961	FBgn0038925
ENSG00000197976	FBgn0010772
ENSG00000182968	FBgn0029123
ENSG00000101194	FBgn0025684
ENSG00000101132	FBgn0035603
ENSG00000100347	FBgn0033989
ENSG00000126226	FBgn0036184
ENSG00000241837	FBgn0016691
ENSG00000100304	FBgn0033225
ENSG00000126216	FBgn0001612
ENSG00000100150	FBgn0035227
ENSG00000101193	FBgn0030944
ENSG00000101365	FBgn0038922
ENSG00000125977	FBgn0004926
ENSG00000156239	FBgn0031454
ENSG00000012174	FBgn0033656
ENSG00000158526	FBgn0039404
ENSG00000180182	FBgn0035145
ENSG00000198276	FBgn0022029
ENSG00000139842	FBgn0033260
ENSG00000166619	FBgn0040239
ENSG00000101407	FBgn0037741
ENSG00000159216	FBgn0002576
ENSG00000166979	FBgn0052476
ENSG00000169895	FBgn0013334
ENSG00000134884	FBgn0051712
ENSG00000159079	FBgn0040696
ENSG00000171858	FBgn0015521
ENSG00000154719	FBgn0036462
ENSG00000147853	FBgn0042094
ENSG00000120158	FBgn0020909
ENSG00000136104	FBgn0030507
ENSG00000102221	FBgn0035106
ENSG00000160209	FBgn0085484
ENSG00000093000	FBgn0033264
ENSG00000134463	FBgn0034191
ENSG00000151413	FBgn0032986
ENSG00000147874	FBgn0039638
ENSG00000182220	FBgn0037671
ENSG00000122692	FBgn0038666
ENSG00000275591	FBgn0034279
ENSG00000165629	FBgn0020235
ENSG00000160218	FBgn0038303
ENSG00000171421	FBgn0042112
ENSG00000137074	FBgn0038704
ENSG00000241945	FBgn0033557
ENSG00000145495	FBgn0035333
ENSG00000130700	FBgn0003117
ENSG00000254093	FBgn0034528
ENSG00000120693	FBgn0011648
ENSG00000182858	FBgn0037743
ENSG00000151657	FBgn0024887
ENSG00000151461	FBgn0029992
ENSG00000176244	FBgn0031992
ENSG00000155975	FBgn0016038
ENSG00000126778	FBgn0003460
ENSG00000198042	FBgn0030067
ENSG00000165997	FBgn0035866
ENSG00000102452	FBgn0002917
ENSG00000160200	FBgn0031148
ENSG00000204070	FBgn0037603
ENSG00000094841	FBgn0035639
ENSG00000124275	FBgn0038429
ENSG00000107614	FBgn0028707
ENSG00000086102	FBgn0001978
ENSG00000124222	FBgn0031106
ENSG00000112699	FBgn0031661
ENSG00000112685	FBgn0266670
ENSG00000148481	FBgn0030973
ENSG00000100612	FBgn0031360
ENSG00000113569	FBgn0021761
ENSG00000080503	FBgn0000212
ENSG00000172728	FBgn0032117
ENSG00000145945	FBgn0039557
ENSG00000136146	FBgn0035754
ENSG00000215440	FBgn0040493
ENSG00000188428	FBgn0083967
ENSG00000102309	FBgn0039305
ENSG00000241058	FBgn0037200
ENSG00000101158	FBgn0010416
ENSG00000185917	FBgn0053230
ENSG00000150867	FBgn0039924
ENSG00000020426	FBgn0024956
ENSG00000255112	FBgn0036805
ENSG00000102390	FBgn0037087
ENSG00000239264	FBgn0030329
ENSG00000050130	FBgn0039876
ENSG00000164327	FBgn0031006
ENSG00000150051	FBgn0031232
ENSG00000136143	FBgn0037643
ENSG00000169126	FBgn0031905
ENSG00000124795	FBgn0026533
ENSG00000100387	FBgn0025638
ENSG00000147416	FBgn0005671
ENSG00000124120	FBgn0032783
ENSG00000133112	FBgn0037874
ENSG00000021776	FBgn0051368
ENSG00000104756	FBgn0037244
ENSG00000139826	FBgn0025109
ENSG00000139684	FBgn0038771
ENSG00000166974	FBgn0034403
ENSG00000083544	FBgn0036450
ENSG00000008083	FBgn0036004
ENSG00000160193	FBgn0029857
ENSG00000134013	FBgn0039848
ENSG00000133104	FBgn0037265
ENSG00000132823	FBgn0032231
ENSG00000165898	FBgn0039205
ENSG00000101052	FBgn0031829
ENSG00000128829	FBgn0019990
ENSG00000154727	FBgn0004510
ENSG00000100220	FBgn0032781
ENSG00000271303	FBgn0030876
ENSG00000125821	FBgn0037898
ENSG00000124783	FBgn0028327
ENSG00000168267	FBgn0037475
ENSG00000154889	FBgn0031997
ENSG00000147082	FBgn0015625
ENSG00000100104	FBgn0038582
ENSG00000100109	FBgn0024191
ENSG00000151023	FBgn0062517
ENSG00000145996	FBgn0034214
ENSG00000113593	FBgn0035027
ENSG00000136770	FBgn0030990
ENSG00000134146	FBgn0030336
ENSG00000138303	FBgn0033475
ENSG00000104613	FBgn0035462
ENSG00000101199	FBgn0020655
ENSG00000100014	FBgn0025633
ENSG00000104671	FBgn0086446
ENSG00000185722	FBgn0039955
ENSG00000134905	FBgn0033900
ENSG00000112996	FBgn0030692
ENSG00000051180	FBgn0003479
ENSG00000125676	FBgn0031390
ENSG00000033170	FBgn0030327
ENSG00000017797	FBgn0026056
ENSG00000100024	FBgn0037513
ENSG00000100028	FBgn0023167
ENSG00000167858	FBgn0035638
ENSG00000072401	FBgn0011217
ENSG00000102763	FBgn0040234
ENSG00000004660	FBgn0040056
ENSG00000102241	FBgn0037081
ENSG00000088356	FBgn0033467
ENSG00000155621	FBgn0030834
ENSG00000213995	FBgn0036848
ENSG00000100030	FBgn0003256
ENSG00000101346	FBgn0033901
ENSG00000204612	FBgn0004897
ENSG00000135069	FBgn0014427
ENSG00000131725	FBgn0083969
ENSG00000099956	FBgn0011715
ENSG00000152214	FBgn0265605
ENSG00000137054	FBgn0038601
ENSG00000148484	FBgn0028546
ENSG00000150456	FBgn0031777
ENSG00000141040	FBgn0028878
ENSG00000074370	FBgn0263006
ENSG00000182712	FBgn0259727
ENSG00000197818	FBgn0026787
ENSG00000010404	FBgn0035445
ENSG00000165406	FBgn0035983
ENSG00000170759	FBgn0001308
ENSG00000124615	FBgn0263241
ENSG00000156017	FBgn0023522
ENSG00000150753	FBgn0010621
ENSG00000135040	FBgn0034982
ENSG00000171953	FBgn0021856
ENSG00000100359	FBgn0038304
ENSG00000123178	FBgn0038564
ENSG00000087302	FBgn0051249
ENSG00000101335	FBgn0003514
ENSG00000125901	FBgn0036774
ENSG00000160188	FBgn0032478
ENSG00000185019	FBgn0039767
ENSG00000198171	FBgn0038868
ENSG00000197119	FBgn0032219
ENSG00000125877	FBgn0031663
ENSG00000007944	FBgn0260866
ENSG00000091164	FBgn0035631
ENSG00000184983	FBgn0033570
ENSG00000149100	FBgn0033902
ENSG00000124721	FBgn0037726
ENSG00000189306	FBgn0031764
ENSG00000070367	FBgn0266673
ENSG00000100246	FBgn0033687
ENSG00000104679	FBgn0035388
ENSG00000100811	FBgn0002521
ENSG00000119720	FBgn0030625
ENSG00000138604	FBgn0033087
ENSG00000108590	FBgn0037262
ENSG00000135018	FBgn0031057
ENSG00000166200	FBgn0013746
ENSG00000164751	FBgn0035876
ENSG00000099817	FBgn0033571
ENSG00000148459	FBgn0051005
ENSG00000124422	FBgn0013717
ENSG00000124784	FBgn0036187
ENSG00000039123	FBgn0001986
ENSG00000128268	FBgn0051849
ENSG00000165512	FBgn0032295
ENSG00000125912	FBgn0032217
ENSG00000110422	FBgn0035142
ENSG00000174695	FBgn0040890
ENSG00000136891	FBgn0029999
ENSG00000101782	FBgn0031643
ENSG00000178695	FBgn0038839
ENSG00000177731	FBgn0000709
ENSG00000122026	FBgn0032987
ENSG00000196663	FBgn0033177
ENSG00000141458	FBgn0024320
ENSG00000100764	FBgn0015282
ENSG00000134779	FBgn0036236
ENSG00000166181	FBgn0286781
ENSG00000108591	FBgn0038723
ENSG00000100982	FBgn0037021
ENSG00000136100	FBgn0086785
ENSG00000029993	FBgn0278608
ENSG00000113597	FBgn0032204
ENSG00000171467	FBgn0027866
ENSG00000179431	FBgn0000658
ENSG00000182512	FBgn0030584
ENSG00000165733	FBgn0036686
ENSG00000141452	FBgn0035703
ENSG00000255346	FBgn0085428
ENSG00000196284	FBgn0037981
ENSG00000066455	FBgn0039188
ENSG00000100416	FBgn0040337
ENSG00000105248	FBgn0034084
ENSG00000186184	FBgn0086447
ENSG00000175354	FBgn0267487
ENSG00000174405	FBgn0030506
ENSG00000148572	FBgn0260756
ENSG00000110514	FBgn0030613
ENSG00000171956	FBgn0004898
ENSG00000101421	FBgn0086656
ENSG00000146221	FBgn0038531
ENSG00000108582	FBgn0004648
ENSG00000181192	FBgn0039827
ENSG00000100401	FBgn0003346
ENSG00000140105	FBgn0010803
ENSG00000175894	FBgn0261016
ENSG00000166128	FBgn0262518
ENSG00000242372	FBgn0034915
ENSG00000147166	FBgn0029503
ENSG00000112167	FBgn0039291
ENSG00000184787	FBgn0267384
ENSG00000185973	FBgn0038795
ENSG00000096401	FBgn0265574
ENSG00000124333	FBgn0266186
ENSG00000198783	FBgn0039271
ENSG00000186866	FBgn0027791
ENSG00000164190	FBgn0026401
ENSG00000174227	FBgn0033187
ENSG00000172171	FBgn0037184
ENSG00000090061	FBgn0025674
ENSG00000011295	FBgn0032744
ENSG00000183576	FBgn0052732
ENSG00000005302	FBgn0002775
ENSG00000136937	FBgn0022942
ENSG00000100865	FBgn0085203
ENSG00000100410	FBgn0031822
ENSG00000100413	FBgn0036188
ENSG00000244005	FBgn0032393
ENSG00000120697	FBgn0261020
ENSG00000109606	FBgn0033160
ENSG00000100418	FBgn0039008
ENSG00000178802	FBgn0286506
ENSG00000042088	FBgn0260817
ENSG00000157593	FBgn0038524
ENSG00000065615	FBgn0034442
ENSG00000151151	FBgn0031267
ENSG00000155275	FBgn0037708
ENSG00000132141	FBgn0027329
ENSG00000169018	FBgn0034542
ENSG00000134759	FBgn0033540
ENSG00000100138	FBgn0286786
ENSG00000146143	FBgn0259676
ENSG00000100209	FBgn0263606
ENSG00000138190	FBgn0266674
ENSG00000124664	FBgn0005659
ENSG00000183765	FBgn0019686
ENSG00000131966	FBgn0031050
ENSG00000135002	FBgn0014930
ENSG00000159267	FBgn0037332
ENSG00000166167	FBgn0283468
ENSG00000104321	FBgn0035934
ENSG00000136824	FBgn0027783
ENSG00000057657	FBgn0035625
ENSG00000182087	FBgn0034071
ENSG00000005156	FBgn0286075
ENSG00000047621	FBgn0039589
ENSG00000127184	FBgn0040773
ENSG00000109680	FBgn0031690
ENSG00000178741	FBgn0019624
ENSG00000183617	FBgn0034579
ENSG00000278845	FBgn0263863
ENSG00000196072	FBgn0036118
ENSG00000052749	FBgn0030504
ENSG00000171853	FBgn0037022
ENSG00000148200	FBgn0264562
ENSG00000183597	FBgn0030503
ENSG00000182551	FBgn0052068
ENSG00000156709	FBgn0031392
ENSG00000180423	FBgn0262534
ENSG00000052841	FBgn0029713
ENSG00000005700	FBgn0034113
ENSG00000132963	FBgn0032884
ENSG00000162174	FBgn0030653
ENSG00000099899	FBgn0036838
ENSG00000134900	FBgn0020370
ENSG00000109911	FBgn0031711
ENSG00000104356	FBgn0026702
ENSG00000213390	FBgn0034249
ENSG00000123136	FBgn0014189
ENSG00000123191	FBgn0030343
ENSG00000164258	FBgn0031021
ENSG00000099901	FBgn0039302
ENSG00000147586	FBgn0034361
ENSG00000166171	FBgn0035164
ENSG00000142168	FBgn0003462
ENSG00000137571	FBgn0032123
ENSG00000100522	FBgn0039690
ENSG00000171865	FBgn0023171
ENSG00000137574	FBgn0266195
ENSG00000151353	FBgn0050051
ENSG00000100084	FBgn0022786
ENSG00000171863	FBgn0039757
ENSG00000129562	FBgn0263852
ENSG00000160310	FBgn0032329
ENSG00000124608	FBgn0028962
ENSG00000155463	FBgn0027615
ENSG00000113391	FBgn0038013
ENSG00000175063	FBgn0264848
ENSG00000075643	FBgn0002641
ENSG00000163029	FBgn0266282
ENSG00000128191	FBgn0039861
ENSG00000136942	FBgn0029785
ENSG00000107829	FBgn0053969
ENSG00000070010	FBgn0036136
ENSG00000124207	FBgn0022213
ENSG00000165195	FBgn0034270
ENSG00000019995	FBgn0037734
ENSG00000133313	FBgn0259979
ENSG00000148843	FBgn0039182
ENSG00000253710	FBgn0037108
ENSG00000145782	FBgn0036255
ENSG00000106771	FBgn0037536
ENSG00000139496	FBgn0038722
ENSG00000156482	FBgn0086710
ENSG00000093009	FBgn0026143
ENSG00000135070	FBgn0026666
ENSG00000094804	FBgn0035918
ENSG00000160563	FBgn0037359
ENSG00000107581	FBgn0037249
ENSG00000108344	FBgn0261396
ENSG00000180694	FBgn0037185
ENSG00000189227	FBgn0083984
ENSG00000138621	FBgn0050290
ENSG00000101187	FBgn0051634
ENSG00000150459	FBgn0024491
ENSG00000100462	FBgn0015925
ENSG00000104267	FBgn0027844
ENSG00000101189	FBgn0033341
ENSG00000179151	FBgn0036735
ENSG00000120029	FBgn0037638
ENSG00000180011	FBgn0270925
ENSG00000011347	FBgn0039900
ENSG00000130349	FBgn0039565
ENSG00000132541	FBgn0086691
ENSG00000157796	FBgn0034452
ENSG00000147669	FBgn0262954
ENSG00000119487	FBgn0033935
ENSG00000123124	FBgn0003557
ENSG00000084754	FBgn0028479
ENSG00000167220	FBgn0032032
ENSG00000156671	FBgn0052380
ENSG00000161395	FBgn0033088
ENSG00000101220	FBgn0035896
ENSG00000157911	FBgn0035233
ENSG00000134049	FBgn0052069
ENSG00000180879	FBgn0021795
ENSG00000119471	FBgn0039537
ENSG00000142655	FBgn0037020
ENSG00000108599	FBgn0040079
ENSG00000254772	FBgn0029176
ENSG00000179933	FBgn0037739
ENSG00000276234	FBgn0263738
ENSG00000196932	FBgn0039429
ENSG00000108100	FBgn0032378
ENSG00000153989	FBgn0031312
ENSG00000130177	FBgn0025781
ENSG00000125691	FBgn0010078
ENSG00000170860	FBgn0051184
ENSG00000148950	FBgn0030669
ENSG00000131043	FBgn0038590
ENSG00000136935	FBgn0086757
ENSG00000110107	FBgn0261119
ENSG00000274211	FBgn0030869
ENSG00000125875	FBgn0040005
ENSG00000129596	FBgn0034364
ENSG00000178295	FBgn0263831
ENSG00000176102	FBgn0003559
ENSG00000118690	FBgn0052668
ENSG00000065154	FBgn0022774
ENSG00000262919	FBgn0264816
ENSG00000141627	FBgn0027607
ENSG00000175216	FBgn0027948
ENSG00000170430	FBgn0024912
ENSG00000156398	FBgn0036843
ENSG00000087008	FBgn0031813
ENSG00000177692	FBgn0263027
ENSG00000118961	FBgn0035206
ENSG00000159131	FBgn0000053
ENSG00000163807	FBgn0250911
ENSG00000169570	FBgn0037492
ENSG00000170638	FBgn0283438
ENSG00000148824	FBgn0039020
ENSG00000141741	FBgn0040650
ENSG00000128159	FBgn0026432
ENSG00000107949	FBgn0038183
ENSG00000104517	FBgn0002431
ENSG00000140474	FBgn0037679
ENSG00000068383	FBgn0259178
ENSG00000068784	FBgn0051156
ENSG00000113522	FBgn0034728
ENSG00000165714	FBgn0030346
ENSG00000169519	FBgn0037822
ENSG00000159140	FBgn0037716
ENSG00000166902	FBgn0023519
ENSG00000110104	FBgn0031040
ENSG00000173546	FBgn0032683
ENSG00000009844	FBgn0035251
ENSG00000159147	FBgn0086695
ENSG00000178425	FBgn0035204
ENSG00000012963	FBgn0032635
ENSG00000173227	FBgn0261085
ENSG00000177302	FBgn0040268
ENSG00000100601	FBgn0065035
ENSG00000037637	FBgn0034704
ENSG00000063761	FBgn0035039
ENSG00000095002	FBgn0015546
ENSG00000130299	FBgn0039189
ENSG00000148153	FBgn0259720
ENSG00000175832	FBgn0039225
ENSG00000151748	FBgn0053193
ENSG00000185386	FBgn0015765
ENSG00000157538	FBgn0037017
ENSG00000101997	FBgn0036671
ENSG00000066651	FBgn0037250
ENSG00000087586	FBgn0000147
ENSG00000074855	FBgn0028879
ENSG00000002834	FBgn0063485
ENSG00000119689	FBgn0037891
ENSG00000105058	FBgn0031603
ENSG00000157916	FBgn0039303
ENSG00000156471	FBgn0287585
ENSG00000164902	FBgn0033380
ENSG00000023697	FBgn0033735
ENSG00000177453	FBgn0031299
ENSG00000085224	FBgn0039338
ENSG00000058729	FBgn0039306
ENSG00000119718	FBgn0024996
ENSG00000156958	FBgn0263199
ENSG00000186010	FBgn0029868
ENSG00000101138	FBgn0039867
ENSG00000163528	FBgn0260468
ENSG00000112339	FBgn0042712
ENSG00000048707	FBgn0052113
ENSG00000022277	FBgn0032290
ENSG00000156469	FBgn0037008
ENSG00000170348	FBgn0045866
ENSG00000100297	FBgn0017577
ENSG00000136982	FBgn0034495
ENSG00000172172	FBgn0032720
ENSG00000101247	FBgn0033891
ENSG00000100364	FBgn0034184
ENSG00000124201	FBgn0039165
ENSG00000165650	FBgn0030358
ENSG00000137547	FBgn0036990
ENSG00000203791	FBgn0031485
ENSG00000023734	FBgn0034876
ENSG00000077147	FBgn0035622
ENSG00000120992	FBgn0042138
ENSG00000025039	FBgn0033272
ENSG00000086065	FBgn0036740
ENSG00000124217	FBgn0032054
ENSG00000173418	FBgn0031043
ENSG00000101343	FBgn0000377
ENSG00000138029	FBgn0025352
ENSG00000169964	FBgn0260027
ENSG00000171307	FBgn0039489
ENSG00000139146	FBgn0266000
ENSG00000144455	FBgn0035102
ENSG00000138867	FBgn0040375
ENSG00000198554	FBgn0033890
ENSG00000184677	FBgn0030009
ENSG00000064102	FBgn0020407
ENSG00000067596	FBgn0086895
ENSG00000085872	FBgn0261872
ENSG00000125686	FBgn0037109
ENSG00000163683	FBgn0035020
ENSG00000197958	FBgn0034968
ENSG00000198301	FBgn0033379
ENSG00000119655	FBgn0031381
ENSG00000100603	FBgn0004856
ENSG00000160401	FBgn0036962
ENSG00000101181	FBgn0032031
ENSG00000127526	FBgn0031183
ENSG00000078140	FBgn0015321
ENSG00000143951	FBgn0086698
ENSG00000165672	FBgn0038519
ENSG00000128346	FBgn0035952
ENSG00000116237	FBgn0036336
ENSG00000105676	FBgn0034315
ENSG00000136807	FBgn0019949
ENSG00000100142	FBgn0003275
ENSG00000171311	FBgn0032346
ENSG00000130772	FBgn0026873
ENSG00000112837	FBgn0021767
ENSG00000100151	FBgn0032447
ENSG00000134440	FBgn0086443
ENSG00000126062	FBgn0031818
ENSG00000196591	FBgn0015805
ENSG00000164219	FBgn0015000
ENSG00000013573	FBgn0026876
ENSG00000196177	FBgn0036824
ENSG00000075914	FBgn0034065
ENSG00000108848	FBgn0029887
ENSG00000089048	FBgn0024364
ENSG00000108039	FBgn0026150
ENSG00000126698	FBgn0039116
ENSG00000000419	FBgn0032799
ENSG00000155329	FBgn0038389
ENSG00000128228	FBgn0037312
ENSG00000100023	FBgn0034109
ENSG00000114388	FBgn0030800
ENSG00000153391	FBgn0040929
ENSG00000104490	FBgn0013303
ENSG00000047188	FBgn0030833
ENSG00000122694	FBgn0051482
ENSG00000171169	FBgn0033971
ENSG00000060688	FBgn0031229
ENSG00000108349	FBgn0045862
ENSG00000082068	FBgn0034908
ENSG00000023287	FBgn0037363
ENSG00000042429	FBgn0038578
ENSG00000167112	FBgn0033060
ENSG00000167113	FBgn0052174
ENSG00000172239	FBgn0034181
ENSG00000130311	FBgn0051855
ENSG00000108651	FBgn0030081
ENSG00000164758	FBgn0035149
ENSG00000167118	FBgn0053276
ENSG00000092094	FBgn0283681
ENSG00000124160	FBgn0024542
ENSG00000164961	FBgn0036571
ENSG00000101347	FBgn0028380
ENSG00000198000	FBgn0031062
ENSG00000100823	FBgn0004584
ENSG00000108465	FBgn0050291
ENSG00000180979	FBgn0029925
ENSG00000170502	FBgn0027500
ENSG00000142684	FBgn0029885
ENSG00000104375	FBgn0261456
ENSG00000111906	FBgn0031836
ENSG00000189337	FBgn0034720
ENSG00000101246	FBgn0030088
ENSG00000130939	FBgn0032467
ENSG00000112249	FBgn0038344
ENSG00000154473	FBgn0025457
ENSG00000126249	FBgn0038055
ENSG00000243667	FBgn0036771
ENSG00000163808	FBgn0002924
ENSG00000127080	FBgn0050295
ENSG00000167088	FBgn0261933
ENSG00000119537	FBgn0039304
ENSG00000092201	FBgn0002183
ENSG00000176853	FBgn0064766
ENSG00000165118	FBgn0034614
ENSG00000107938	FBgn0035923
ENSG00000100296	FBgn0034939
ENSG00000165119	FBgn0267791
ENSG00000119541	FBgn0283469
ENSG00000126215	FBgn0003480
ENSG00000140395	FBgn0027524
ENSG00000115946	FBgn0027334
ENSG00000168273	FBgn0052736
ENSG00000123728	FBgn0283666
ENSG00000138035	FBgn0039846
ENSG00000163812	FBgn0034057
ENSG00000100664	FBgn0030719
ENSG00000174840	FBgn0051759
ENSG00000186575	FBgn0086384
ENSG00000148908	FBgn0020278
ENSG00000163939	FBgn0039227
ENSG00000213699	FBgn0260744
ENSG00000005175	FBgn0015544
ENSG00000177150	FBgn0031188
ENSG00000239857	FBgn0086605
ENSG00000101654	FBgn0286027
ENSG00000115350	FBgn0034726
ENSG00000164880	FBgn0034964
ENSG00000130940	FBgn0004878
ENSG00000112282	FBgn0034795
ENSG00000140365	FBgn0054039
ENSG00000215305	FBgn0285911
ENSG00000156787	FBgn0035073
ENSG00000113272	FBgn0283659
ENSG00000258986	FBgn0039135
ENSG00000073584	FBgn0030093
ENSG00000095485	FBgn0033615
ENSG00000152684	FBgn0011207
ENSG00000101363	FBgn0025558
ENSG00000100722	FBgn0028471
ENSG00000163879	FBgn0037962
ENSG00000164654	FBgn0031399
ENSG00000173011	FBgn0037555
ENSG00000196449	FBgn0061361
ENSG00000179051	FBgn0031769
ENSG00000143919	FBgn0032857
ENSG00000070610	FBgn0028916
ENSG00000107185	FBgn0037297
ENSG00000155111	FBgn0015618
ENSG00000155229	FBgn0037301
ENSG00000140386	FBgn0032723
ENSG00000137133	FBgn0031459
ENSG00000100319	FBgn0051922
ENSG00000101868	FBgn0259113
ENSG00000155858	FBgn0033450
ENSG00000165533	FBgn0031255
ENSG00000188266	FBgn0086909
ENSG00000104129	FBgn0037882
ENSG00000187609	FBgn0032924
ENSG00000158106	FBgn0026374
ENSG00000112406	FBgn0010113
ENSG00000147592	FBgn0031987
ENSG00000145348	FBgn0029736
ENSG00000204084	FBgn0023508
ENSG00000099995	FBgn0266917
ENSG00000115364	FBgn0037608
ENSG00000111880	FBgn0030556
ENSG00000198382	FBgn0032499
ENSG00000099999	FBgn0037442
ENSG00000182154	FBgn0034001
ENSG00000121152	FBgn0014127
ENSG00000148399	FBgn0029892
ENSG00000130856	FBgn0034379
ENSG00000196865	FBgn0250830
ENSG00000149313	FBgn0052099
ENSG00000183520	FBgn0030063
ENSG00000152944	FBgn0040020
ENSG00000153339	FBgn0260655
ENSG00000114480	FBgn0053138
ENSG00000242114	FBgn0030883
ENSG00000092853	FBgn0052251
ENSG00000074201	FBgn0029079
ENSG00000197948	FBgn0263456
ENSG00000138663	FBgn0027054
ENSG00000119396	FBgn0015791
ENSG00000131979	FBgn0003162
ENSG00000136897	FBgn0028648
ENSG00000164764	FBgn0259241
ENSG00000076650	FBgn0036386
ENSG00000120159	FBgn0052176
ENSG00000165359	FBgn0261383
ENSG00000137055	FBgn0024314
ENSG00000059915	FBgn0051158
ENSG00000123545	FBgn0037777
ENSG00000174804	FBgn0027342
ENSG00000107874	FBgn0037556
ENSG00000100029	FBgn0032138
ENSG00000178445	FBgn0037801
ENSG00000134697	FBgn0034243
ENSG00000066117	FBgn0025463
ENSG00000138107	FBgn0011745
ENSG00000135299	FBgn0086898
ENSG00000138780	FBgn0032724
ENSG00000158435	FBgn0034963
ENSG00000148680	FBgn0004573
ENSG00000166896	FBgn0032644
ENSG00000188191	FBgn0259243
ENSG00000136936	FBgn0004832
ENSG00000145388	FBgn0032016
ENSG00000135972	FBgn0037529
ENSG00000164494	FBgn0037044
ENSG00000105176	FBgn0035025
ENSG00000215712	FBgn0030311
ENSG00000119801	FBgn0026749
ENSG00000057663	FBgn0029943
ENSG00000103942	FBgn0025777
ENSG00000100216	FBgn0035473
ENSG00000173611	FBgn0035677
ENSG00000071082	FBgn0285949
ENSG00000163866	FBgn0085257
ENSG00000111962	FBgn0003089
ENSG00000205937	FBgn0263829
ENSG00000181915	FBgn0035839
ENSG00000162384	FBgn0033810
ENSG00000144744	FBgn0263697
ENSG00000139291	FBgn0036353
ENSG00000112742	FBgn0000063
ENSG00000148019	FBgn0038248
ENSG00000240230	FBgn0260222
ENSG00000035403	FBgn0004397
ENSG00000173376	FBgn0050418
ENSG00000113643	FBgn0027093
ENSG00000117859	FBgn0033463
ENSG00000136986	FBgn0267972
ENSG00000100897	FBgn0034527
ENSG00000111058	FBgn0039184
ENSG00000159210	FBgn0260940
ENSG00000107882	FBgn0005355
ENSG00000100056	FBgn0023506
ENSG00000080819	FBgn0021944
ENSG00000131269	FBgn0035244
ENSG00000115423	FBgn0283476
ENSG00000119125	FBgn0261436
ENSG00000145781	FBgn0030323
ENSG00000163378	FBgn0264672
ENSG00000181991	FBgn0038474
ENSG00000197170	FBgn0028690
ENSG00000239900	FBgn0038467
ENSG00000105771	FBgn0023520
ENSG00000176225	FBgn0266111
ENSG00000109065	FBgn0039859
ENSG00000106066	FBgn0038738
ENSG00000120539	FBgn0260399
ENSG00000104823	FBgn0031092
ENSG00000112306	FBgn0286213
ENSG00000154144	FBgn0051111
ENSG00000120705	FBgn0036974
ENSG00000047249	FBgn0027779
ENSG00000162396	FBgn0027082
ENSG00000198265	FBgn0036451
ENSG00000036054	FBgn0031304
ENSG00000168438	FBgn0038927
ENSG00000139644	FBgn0035871
ENSG00000100116	FBgn0036208
ENSG00000146425	FBgn0024432
ENSG00000100129	FBgn0036258
ENSG00000183431	FBgn0014366
ENSG00000187535	FBgn0260933
ENSG00000154174	FBgn0032397
ENSG00000164818	FBgn0051320
ENSG00000105220	FBgn0003074
ENSG00000167291	FBgn0032249
ENSG00000057608	FBgn0004868
ENSG00000182307	FBgn0038673
ENSG00000243725	FBgn0266518
ENSG00000103326	FBgn0003464
ENSG00000100139	FBgn0036333
ENSG00000166260	FBgn0051648
ENSG00000167965	FBgn0264691
ENSG00000163877	FBgn0039943
ENSG00000108468	FBgn0003607
ENSG00000066827	FBgn0034570
ENSG00000157184	FBgn0035383
ENSG00000148690	FBgn0028932
ENSG00000169621	FBgn0026737
ENSG00000140287	FBgn0005619
ENSG00000139908	FBgn0031784
ENSG00000108671	FBgn0028689
ENSG00000162869	FBgn0039204
ENSG00000187522	FBgn0035878
ENSG00000114021	FBgn0037687
ENSG00000126261	FBgn0029113
ENSG00000129559	FBgn0032725
ENSG00000109066	FBgn0036988
ENSG00000156795	FBgn0034046
ENSG00000100280	FBgn0010380
ENSG00000196943	FBgn0033169
ENSG00000173145	FBgn0037489
ENSG00000077549	FBgn0011570
ENSG00000185608	FBgn0037892
ENSG00000140632	FBgn0043456
ENSG00000159069	FBgn0031773
ENSG00000075336	FBgn0031708
ENSG00000101333	FBgn0262738
ENSG00000134769	FBgn0033739
ENSG00000107281	FBgn0265182
ENSG00000162104	FBgn0022710
ENSG00000099940	FBgn0034913
ENSG00000156928	FBgn0029514
ENSG00000164609	FBgn0039626
ENSG00000114439	FBgn0024251
ENSG00000134910	FBgn0031149
ENSG00000140600	FBgn0038659
ENSG00000181523	FBgn0038660
ENSG00000144021	FBgn0033972
ENSG00000259494	FBgn0035272
ENSG00000183513	FBgn0040751
ENSG00000157600	FBgn0033054
ENSG00000125356	FBgn0085468
ENSG00000115091	FBgn0262716
ENSG00000088205	FBgn0266581
ENSG00000083123	FBgn0039993
ENSG00000176248	FBgn0002791
ENSG00000198841	FBgn0023521
ENSG00000169696	FBgn0064126
ENSG00000187713	FBgn0066303
ENSG00000188229	FBgn0284243
ENSG00000188986	FBgn0027553
ENSG00000181704	FBgn0031600
ENSG00000162616	FBgn0037151
ENSG00000149547	FBgn0031635
ENSG00000071553	FBgn0262515
ENSG00000122490	FBgn0031897
ENSG00000165591	FBgn0033717
ENSG00000070061	FBgn0037926
ENSG00000186666	FBgn0035537
ENSG00000157856	FBgn0030004
ENSG00000066926	FBgn0266268
ENSG00000198856	FBgn0031529
ENSG00000158966	FBgn0034498
ENSG00000100567	FBgn0023175
ENSG00000150961	FBgn0262126
ENSG00000113845	FBgn0010340
ENSG00000154007	FBgn0086704
ENSG00000265681	FBgn0029897
ENSG00000145715	FBgn0003969
ENSG00000142731	FBgn0026371
ENSG00000188786	FBgn0040305
ENSG00000131013	FBgn0027617
ENSG00000100575	FBgn0030480
ENSG00000119328	FBgn0260464
ENSG00000119326	FBgn0029105
ENSG00000114902	FBgn0040623
ENSG00000167578	FBgn0016701
ENSG00000082515	FBgn0030786
ENSG00000144028	FBgn0263599
ENSG00000117174	FBgn0030406
ENSG00000101546	FBgn0030704
ENSG00000100038	FBgn0026015
ENSG00000164904	FBgn0036857
ENSG00000164109	FBgn0035640
ENSG00000130731	FBgn0040964
ENSG00000166477	FBgn0019637
ENSG00000105677	FBgn0015338
ENSG00000101557	FBgn0032216
ENSG00000008018	FBgn0002284
ENSG00000136718	FBgn0039274
ENSG00000111581	FBgn0027868
ENSG00000134748	FBgn0050342
ENSG00000126522	FBgn0032076
ENSG00000109270	FBgn0032642
ENSG00000142892	FBgn0023545
ENSG00000058600	FBgn0028402
ENSG00000101574	FBgn0015351
ENSG00000175048	FBgn0260941
ENSG00000165060	FBgn0030092
ENSG00000144120	FBgn0053506
ENSG00000266967	FBgn0029664
ENSG00000125991	FBgn0036489
ENSG00000140259	FBgn0035294
ENSG00000130338	FBgn0039530
ENSG00000106524	FBgn0036096
ENSG00000138069	FBgn0285937
ENSG00000120725	FBgn0039296
ENSG00000130024	FBgn0087008
ENSG00000127586	FBgn0015376
ENSG00000101084	FBgn0033209
ENSG00000128708	FBgn0037376
ENSG00000133265	FBgn0036306
ENSG00000149273	FBgn0002622
ENSG00000100592	FBgn0025641
ENSG00000078142	FBgn0015277
ENSG00000136274	FBgn0086904
ENSG00000130935	FBgn0036886
ENSG00000206530	FBgn0083960
ENSG00000103769	FBgn0015790
ENSG00000164066	FBgn0001259
ENSG00000170540	FBgn0038453
ENSG00000146733	FBgn0023129
ENSG00000079134	FBgn0037382
ENSG00000171723	FBgn0000316
ENSG00000091651	FBgn0023180
ENSG00000135521	FBgn0027525
ENSG00000166411	FBgn0027291
ENSG00000135537	FBgn0033734
ENSG00000116120	FBgn0039175
ENSG00000125844	FBgn0038535
ENSG00000244187	FBgn0259991
ENSG00000067365	FBgn0037045
ENSG00000068394	FBgn0038454
ENSG00000071994	FBgn0021875
ENSG00000169021	FBgn0021906
ENSG00000076003	FBgn0025815
ENSG00000165792	FBgn0032168
ENSG00000069329	FBgn0034708
ENSG00000181027	FBgn0034567
ENSG00000107223	FBgn0262732
ENSG00000112208	FBgn0036505
ENSG00000123131	FBgn0040308
ENSG00000114446	FBgn0031550
ENSG00000091157	FBgn0023510
ENSG00000149474	FBgn0032691
ENSG00000165688	FBgn0033235
ENSG00000137944	FBgn0037955
ENSG00000137561	FBgn0032785
ENSG00000184232	FBgn0011818
ENSG00000125835	FBgn0262601
ENSG00000067334	FBgn0037504
ENSG00000181610	FBgn0260407
ENSG00000124767	FBgn0283450
ENSG00000112210	FBgn0037364
ENSG00000170471	FBgn0085437
ENSG00000131023	FBgn0011739
ENSG00000126432	FBgn0038570
ENSG00000148384	FBgn0036273
ENSG00000091844	FBgn0028743
ENSG00000176890	FBgn0024920
ENSG00000157045	FBgn0034371
ENSG00000134001	FBgn0261609
ENSG00000157259	FBgn0025634
ENSG00000156345	FBgn0038902
ENSG00000185000	FBgn0004797
ENSG00000186522	FBgn0026361
ENSG00000101442	FBgn0038576
ENSG00000129636	FBgn0036509
ENSG00000100154	FBgn0262719
ENSG00000196636	FBgn0038437
ENSG00000172878	FBgn0032247
ENSG00000173137	FBgn0036142
ENSG00000071894	FBgn0024698
ENSG00000144848	FBgn0036813
ENSG00000122507	FBgn0034622
ENSG00000129255	FBgn0031662
ENSG00000169087	FBgn0263025
ENSG00000161011	FBgn0003231
ENSG00000124155	FBgn0030035
ENSG00000100253	FBgn0036262
ENSG00000170153	FBgn0004919
ENSG00000109445	FBgn0026400
ENSG00000205629	FBgn0028507
ENSG00000160948	FBgn0021814
ENSG00000060069	FBgn0035026
ENSG00000028839	FBgn0261793
ENSG00000059691	FBgn0039153
ENSG00000167186	FBgn0029502
ENSG00000261236	FBgn0028744
ENSG00000117528	FBgn0031069
ENSG00000133706	FBgn0284253
ENSG00000172339	FBgn0030645
ENSG00000036549	FBgn0031876
ENSG00000163510	FBgn0086707
ENSG00000172680	FBgn0033773
ENSG00000254901	FBgn0052590
ENSG00000110047	FBgn0016693
ENSG00000145425	FBgn0017545
ENSG00000127993	FBgn0085260
ENSG00000102172	FBgn0036272
ENSG00000203985	FBgn0036202
ENSG00000102174	FBgn0032613
ENSG00000004142	FBgn0037329
ENSG00000149735	FBgn0261386
ENSG00000162604	FBgn0034626
ENSG00000244045	FBgn0260467
ENSG00000213465	FBgn0004908
ENSG00000100568	FBgn0264751
ENSG00000007545	FBgn0000376
ENSG00000146242	FBgn0038638
ENSG00000239789	FBgn0034986
ENSG00000114125	FBgn0044020
ENSG00000120860	FBgn0031979
ENSG00000065485	FBgn0032514
ENSG00000111670	FBgn0033392
ENSG00000127980	FBgn0013563
ENSG00000072415	FBgn0261873
ENSG00000145982	FBgn0275436
ENSG00000138459	FBgn0031676
ENSG00000112238	FBgn0035687
ENSG00000144320	FBgn0033309
ENSG00000205643	FBgn0037611
ENSG00000100883	FBgn0010747
ENSG00000178028	FBgn0034537
ENSG00000009765	FBgn0286980
ENSG00000111275	FBgn0012036
ENSG00000104866	FBgn0051635
ENSG00000141076	FBgn0263605
ENSG00000086589	FBgn0037220
ENSG00000004766	FBgn0034271
ENSG00000151458	FBgn0039590
ENSG00000183172	FBgn0062440
ENSG00000145439	FBgn0000056
ENSG00000105171	FBgn0035831
ENSG00000119638	FBgn0045980
ENSG00000174231	FBgn0033688
ENSG00000166226	FBgn0030086
ENSG00000181035	FBgn0067783
ENSG00000103089	FBgn0050502
ENSG00000183760	FBgn0030245
ENSG00000138376	FBgn0035812
ENSG00000188641	FBgn0086450
ENSG00000137274	FBgn0038974
ENSG00000172315	FBgn0035590
ENSG00000101161	FBgn0036828
ENSG00000006715	FBgn0002566
ENSG00000177156	FBgn0023477
ENSG00000114744	FBgn0038586
ENSG00000103047	FBgn0032728
ENSG00000168522	FBgn0031633
ENSG00000132383	FBgn0010173
ENSG00000165102	FBgn0029737
ENSG00000139990	FBgn0250755
ENSG00000112294	FBgn0039349
ENSG00000107371	FBgn0260648
ENSG00000105193	FBgn0034743
ENSG00000163002	FBgn0030943
ENSG00000122741	FBgn0039601
ENSG00000159593	FBgn0261112
ENSG00000196235	FBgn0040273
ENSG00000175792	FBgn0040078
ENSG00000145979	FBgn0039158
ENSG00000065518	FBgn0033961
ENSG00000092108	FBgn0264978
ENSG00000162377	FBgn0039965
ENSG00000080371	FBgn0039966
ENSG00000134153	FBgn0034066
ENSG00000183258	FBgn0015331
ENSG00000023909	FBgn0046114
ENSG00000112367	FBgn0031611
ENSG00000144406	FBgn0039536
ENSG00000072506	FBgn0021765
ENSG00000128463	FBgn0037199
ENSG00000086758	FBgn0030674
ENSG00000088682	FBgn0050493
ENSG00000121073	FBgn0250820
ENSG00000140526	FBgn0014906
ENSG00000070761	FBgn0032248
ENSG00000204681	FBgn0260446
ENSG00000163590	FBgn0027515
ENSG00000131153	FBgn0261976
ENSG00000177600	FBgn0003274
ENSG00000241878	FBgn0026576
ENSG00000176692	FBgn0014143
ENSG00000101040	FBgn0039863
ENSG00000121022	FBgn0027053
ENSG00000119421	FBgn0035046
ENSG00000180233	FBgn0029911
ENSG00000119446	FBgn0030571
ENSG00000180104	FBgn0266671
ENSG00000148187	FBgn0035980
ENSG00000141577	FBgn0033447
ENSG00000177700	FBgn0039218
ENSG00000177830	FBgn0031996
ENSG00000118997	FBgn0013810
ENSG00000135249	FBgn0035762
ENSG00000174780	FBgn0038810
ENSG00000181085	FBgn0052703
ENSG00000157637	FBgn0050394
ENSG00000143079	FBgn0034308
ENSG00000125755	FBgn0037371
ENSG00000179598	FBgn0261266
ENSG00000154803	FBgn0261111
ENSG00000205356	FBgn0052226
ENSG00000141030	FBgn0027055
ENSG00000158104	FBgn0036992
ENSG00000198498	FBgn0030611
ENSG00000117620	FBgn0024994
ENSG00000115020	FBgn0028741
ENSG00000179950	FBgn0028577
ENSG00000106355	FBgn0035675
ENSG00000167216	FBgn0029656
ENSG00000100815	FBgn0027287
ENSG00000111845	FBgn0030630
ENSG00000111843	FBgn0034902
ENSG00000005194	FBgn0001977
ENSG00000141026	FBgn0260401
ENSG00000101751	FBgn0037554
ENSG00000157693	FBgn0028527
ENSG00000131469	FBgn0039359
ENSG00000165934	FBgn0027873
ENSG00000095261	FBgn0030457
ENSG00000150779	FBgn0027359
ENSG00000204370	FBgn0039112
ENSG00000111837	FBgn0259712
ENSG00000178307	FBgn0044419
ENSG00000162688	FBgn0034618
ENSG00000120088	FBgn0033932
ENSG00000165819	FBgn0039139
ENSG00000163449	FBgn0037849
ENSG00000105373	FBgn0030061
ENSG00000140950	FBgn0031904
ENSG00000112096	FBgn0010213
ENSG00000103091	FBgn0032339
ENSG00000171566	FBgn0030365
ENSG00000114200	FBgn0000024
ENSG00000150787	FBgn0003141
ENSG00000146457	FBgn0000662
ENSG00000103248	FBgn0263594
ENSG00000148334	FBgn0004465
ENSG00000120437	FBgn0035203
ENSG00000101752	FBgn0263601
ENSG00000178814	FBgn0034733
ENSG00000120438	FBgn0003676
ENSG00000108774	FBgn0014010
ENSG00000087299	FBgn0032729
ENSG00000171763	FBgn0035443
ENSG00000198887	FBgn0052438
ENSG00000178896	FBgn0032487
ENSG00000104154	FBgn0025693
ENSG00000241973	FBgn0267350
ENSG00000197858	FBgn0029818
ENSG00000061987	FBgn0031985
ENSG00000104164	FBgn0036192
ENSG00000181788	FBgn0003410
ENSG00000137767	FBgn0035515
ENSG00000179632	FBgn0267861
ENSG00000112110	FBgn0026741
ENSG00000153107	FBgn0004391
ENSG00000167740	FBgn0030099
ENSG00000168589	FBgn0024196
ENSG00000138592	FBgn0038862
ENSG00000133997	FBgn0024330
ENSG00000235173	FBgn0039417
ENSG00000164941	FBgn0025830
ENSG00000124713	FBgn0038074
ENSG00000124587	FBgn0033564
ENSG00000152234	FBgn0011211
ENSG00000070413	FBgn0052647
ENSG00000182552	FBgn0032703
ENSG00000100226	FBgn0027836
ENSG00000164168	FBgn0032172
ENSG00000152223	FBgn0038651
ENSG00000100941	FBgn0037737
ENSG00000100325	FBgn0024973
ENSG00000140521	FBgn0004406
ENSG00000176678	FBgn0004895
ENSG00000124733	FBgn0031315
ENSG00000124541	FBgn0038235
ENSG00000119682	FBgn0031384
ENSG00000136854	FBgn0004574
ENSG00000038295	FBgn0003719
ENSG00000155893	FBgn0031397
ENSG00000013503	FBgn0004463
ENSG00000119616	FBgn0010520
ENSG00000119596	FBgn0052685
ENSG00000162695	FBgn0037875
ENSG00000183283	FBgn0083961
ENSG00000112651	FBgn0036135
ENSG00000103187	FBgn0030955
ENSG00000117899	FBgn0004132
ENSG00000103121	FBgn0259721
ENSG00000114933	FBgn0086686
ENSG00000120533	FBgn0000618
ENSG00000102978	FBgn0026373
ENSG00000265808	FBgn0260855
ENSG00000102158	FBgn0032015
ENSG00000120526	FBgn0030342
ENSG00000126787	FBgn0033845
ENSG00000116752	FBgn0039558
ENSG00000079246	FBgn0041627
ENSG00000161960	FBgn0001942
ENSG00000109670	FBgn0041171
ENSG00000114062	FBgn0061469
ENSG00000167315	FBgn0040064
ENSG00000167646	FBgn0034352
ENSG00000126775	FBgn0039636
ENSG00000102189	FBgn0034585
ENSG00000012061	FBgn0028434
ENSG00000145414	FBgn0032701
ENSG00000163655	FBgn0000239
ENSG00000127564	FBgn0040298
ENSG00000165283	FBgn0034936
ENSG00000100099	FBgn0034261
ENSG00000196505	FBgn0042135
ENSG00000132394	FBgn0034627
ENSG00000170242	FBgn0016756
ENSG00000139324	FBgn0020312
ENSG00000065183	FBgn0038597
ENSG00000129128	FBgn0039172
ENSG00000182224	FBgn0031596
ENSG00000162073	FBgn0053203
ENSG00000170043	FBgn0260860
ENSG00000042753	FBgn0043012
ENSG00000104408	FBgn0025582
ENSG00000100949	FBgn0037293
ENSG00000105085	FBgn0039923
ENSG00000145494	FBgn0031684
ENSG00000122735	FBgn0034566
ENSG00000048544	FBgn0038307
ENSG00000104047	FBgn0039664
ENSG00000213930	FBgn0263200
ENSG00000130347	FBgn0031500
ENSG00000166797	FBgn0034543
ENSG00000130348	FBgn0260779
ENSG00000104835	FBgn0021750
ENSG00000115233	FBgn0028694
ENSG00000123505	FBgn0019932
ENSG00000139726	FBgn0030802
ENSG00000155115	FBgn0260390
ENSG00000197498	FBgn0038585
ENSG00000075188	FBgn0039301
ENSG00000065268	FBgn0023514
ENSG00000029639	FBgn0261381
ENSG00000122390	FBgn0036039
ENSG00000001497	FBgn0052075
ENSG00000089053	FBgn0041147
ENSG00000213780	FBgn0261109
ENSG00000148308	FBgn0086445
ENSG00000184162	FBgn0085242
ENSG00000196544	FBgn0035140
ENSG00000111144	FBgn0032721
ENSG00000215218	FBgn0031896
ENSG00000008988	FBgn0019936
ENSG00000103351	FBgn0031196
ENSG00000037474	FBgn0026079
ENSG00000116830	FBgn0002542
ENSG00000178921	FBgn0000052
ENSG00000103671	FBgn0031115
ENSG00000101444	FBgn0014455
ENSG00000126602	FBgn0026761
ENSG00000169490	FBgn0030522
ENSG00000110801	FBgn0038166
ENSG00000101464	FBgn0032052
ENSG00000169418	FBgn0051183
ENSG00000174373	FBgn0039466
ENSG00000110583	FBgn0039687
ENSG00000119953	FBgn0039977
ENSG00000185156	FBgn0035710
ENSG00000179562	FBgn0037881
ENSG00000060762	FBgn0038662
ENSG00000107951	FBgn0024360
ENSG00000115596	FBgn0031902
ENSG00000101003	FBgn0035194
ENSG00000185739	FBgn0038181
ENSG00000090447	FBgn0001994
ENSG00000148296	FBgn0038746
ENSG00000143458	FBgn0052343
ENSG00000125798	FBgn0000659
ENSG00000132664	FBgn0038951
ENSG00000166596	FBgn0035724
ENSG00000126603	FBgn0033782
ENSG00000122085	FBgn0031419
ENSG00000134597	FBgn0032822
ENSG00000091127	FBgn0035901
ENSG00000100201	FBgn0035720
ENSG00000151532	FBgn0260862
ENSG00000198839	FBgn0034814
ENSG00000148290	FBgn0029117
ENSG00000198954	FBgn0031659
ENSG00000262246	FBgn0029903
ENSG00000148248	FBgn0019925
ENSG00000148688	FBgn0283652
ENSG00000184903	FBgn0034535
ENSG00000128789	FBgn0038577
ENSG00000070718	FBgn0000330
ENSG00000148300	FBgn0036405
ENSG00000197157	FBgn0035121
ENSG00000115840	FBgn0028646
ENSG00000160325	FBgn0261722
ENSG00000085415	FBgn0033247
ENSG00000004059	FBgn0013749
ENSG00000118705	FBgn0034277
ENSG00000197102	FBgn0261797
ENSG00000122965	FBgn0036018
ENSG00000174953	FBgn0032883
ENSG00000103423	FBgn0002174
ENSG00000149357	FBgn0036932
ENSG00000197748	FBgn0036348
ENSG00000122707	FBgn0036463
ENSG00000258366	FBgn0029798
ENSG00000179115	FBgn0030007
ENSG00000111726	FBgn0052220
ENSG00000143624	FBgn0262117
ENSG00000185340	FBgn0029881
ENSG00000128534	FBgn0035271
ENSG00000168538	FBgn0286567
ENSG00000100813	FBgn0263198
ENSG00000131495	FBgn0040705
ENSG00000179271	FBgn0037102
ENSG00000119414	FBgn0003139
ENSG00000137947	FBgn0004915
ENSG00000044574	FBgn0001218
ENSG00000164024	FBgn0039219
ENSG00000170881	FBgn0039668
ENSG00000147687	FBgn0033117
ENSG00000108107	FBgn0035422
ENSG00000099949	FBgn0040344
ENSG00000054796	FBgn0002716
ENSG00000108106	FBgn0030863
ENSG00000146007	FBgn0035520
ENSG00000101146	FBgn0034646
ENSG00000257365	FBgn0038424
ENSG00000179943	FBgn0051224
ENSG00000125952	FBgn0017578
ENSG00000065559	FBgn0024326
ENSG00000147684	FBgn0032511
ENSG00000197415	FBgn0023001
ENSG00000101019	FBgn0035722
ENSG00000170448	FBgn0035518
ENSG00000135617	FBgn0034803
ENSG00000006744	FBgn0028426
ENSG00000163161	FBgn0001179
ENSG00000165699	FBgn0026317
ENSG00000167397	FBgn0053544
ENSG00000121680	FBgn0037019
ENSG00000172590	FBgn0033208
ENSG00000171759	FBgn0001208
ENSG00000153767	FBgn0015828
ENSG00000143621	FBgn0038046
ENSG00000071626	FBgn0004838
ENSG00000143155	FBgn0031094
ENSG00000177108	FBgn0042133
ENSG00000111707	FBgn0031036
ENSG00000143156	FBgn0028997
ENSG00000101294	FBgn0031260
ENSG00000168803	FBgn0037661
ENSG00000175054	FBgn0004367
ENSG00000006695	FBgn0032222
ENSG00000132467	FBgn0029755
ENSG00000166887	FBgn0038593
ENSG00000143315	FBgn0034649
ENSG00000116199	FBgn0038268
ENSG00000101337	FBgn0028541
ENSG00000172586	FBgn0040666
ENSG00000214655	FBgn0085430
ENSG00000113068	FBgn0031776
ENSG00000153037	FBgn0015298
ENSG00000140543	FBgn0000018
ENSG00000172500	FBgn0036911
ENSG00000170917	FBgn0030668
ENSG00000009830	FBgn0086368
ENSG00000138698	FBgn0022960
ENSG00000175550	FBgn0034650
ENSG00000130589	FBgn0035842
ENSG00000156502	FBgn0037232
ENSG00000175467	FBgn0032388
ENSG00000103316	FBgn0030799
ENSG00000075945	FBgn0028421
ENSG00000204438	FBgn0034008
ENSG00000175376	FBgn0051957
ENSG00000130810	FBgn0010770
ENSG00000013293	FBgn0031064
ENSG00000275074	FBgn0037911
ENSG00000137821	FBgn0035577
ENSG00000163626	FBgn0035960
ENSG00000120800	FBgn0034734
ENSG00000164603	FBgn0035035
ENSG00000164073	FBgn0035767
ENSG00000047410	FBgn0013756
ENSG00000176476	FBgn0050390
ENSG00000105364	FBgn0001995
ENSG00000178952	FBgn0024556
ENSG00000106153	FBgn0260747
ENSG00000146842	FBgn0036710
ENSG00000125813	FBgn0003129
ENSG00000136021	FBgn0039623
ENSG00000180329	FBgn0032101
ENSG00000243789	FBgn0036366
ENSG00000165280	FBgn0286784
ENSG00000171806	FBgn0031494
ENSG00000138246	FBgn0015477
ENSG00000137877	FBgn0004167
ENSG00000156521	FBgn0035065
ENSG00000089195	FBgn0031832
ENSG00000125885	FBgn0003227
ENSG00000108883	FBgn0039566
ENSG00000113924	FBgn0040211
ENSG00000131446	FBgn0034521
ENSG00000104131	FBgn0027619
ENSG00000072110	FBgn0000667
ENSG00000174576	FBgn0039411
ENSG00000088766	FBgn0039360
ENSG00000113282	FBgn0261279
ENSG00000168495	FBgn0036775
ENSG00000107959	FBgn0033005
ENSG00000086200	FBgn0284254
ENSG00000124659	FBgn0051961
ENSG00000134825	FBgn0036667
ENSG00000197181	FBgn0250816
ENSG00000112357	FBgn0035922
ENSG00000169592	FBgn0033566
ENSG00000118579	FBgn0039337
ENSG00000168496	FBgn0025832
ENSG00000109805	FBgn0259876
ENSG00000113119	FBgn0031609
ENSG00000147123	FBgn0027785
ENSG00000080572	FBgn0036437
ENSG00000119912	FBgn0001247
ENSG00000112983	FBgn0039654
ENSG00000151014	FBgn0261808
ENSG00000142039	FBgn0032017
ENSG00000123810	FBgn0261683
ENSG00000248098	FBgn0037709
ENSG00000163950	FBgn0041186
ENSG00000160445	FBgn0043458
ENSG00000149923	FBgn0023177
ENSG00000168936	FBgn0037241
ENSG00000120805	FBgn0000115
ENSG00000106028	FBgn0010438
ENSG00000115084	FBgn0034032
ENSG00000111445	FBgn0032244
ENSG00000198917	FBgn0033473
ENSG00000180992	FBgn0040389
ENSG00000000457	FBgn0027507
ENSG00000009335	FBgn0034989
ENSG00000101945	FBgn0263755
ENSG00000075239	FBgn0029969
ENSG00000171453	FBgn0031657
ENSG00000157064	FBgn0039254
ENSG00000132522	FBgn0033122
ENSG00000175287	FBgn0037819
ENSG00000216490	FBgn0085638
ENSG00000214253	FBgn0039969
ENSG00000076043	FBgn0039115
ENSG00000104299	FBgn0036570
ENSG00000130520	FBgn0032240
ENSG00000175283	FBgn0034141
ENSG00000095319	FBgn0033766
ENSG00000162782	FBgn0263974
ENSG00000215041	FBgn0283503
ENSG00000169217	FBgn0032250
ENSG00000135093	FBgn0029819
ENSG00000124571	FBgn0031051
ENSG00000100836	FBgn0005648
ENSG00000186591	FBgn0029996
ENSG00000068308	FBgn0036180
ENSG00000100445	FBgn0033769
ENSG00000170734	FBgn0037141
ENSG00000105655	FBgn0025885
ENSG00000172432	FBgn0037391
ENSG00000135678	FBgn0030778
ENSG00000143353	FBgn0037842
ENSG00000124688	FBgn0039128
ENSG00000172426	FBgn0051803
ENSG00000010361	FBgn0001084
ENSG00000090863	FBgn0264561
ENSG00000169762	FBgn0038569
ENSG00000143493	FBgn0036038
ENSG00000145375	FBgn0032450
ENSG00000047315	FBgn0262955
ENSG00000164713	FBgn0035444
ENSG00000152492	FBgn0032681
ENSG00000179988	FBgn0031041
ENSG00000039650	FBgn0037578
ENSG00000175066	FBgn0035392
ENSG00000182446	FBgn0039348
ENSG00000213123	FBgn0033243
ENSG00000241258	FBgn0030801
ENSG00000204237	FBgn0039461
ENSG00000185298	FBgn0030851
ENSG00000262814	FBgn0011787
ENSG00000164983	FBgn0041004
ENSG00000204392	FBgn0036277
ENSG00000007541	FBgn0086448
ENSG00000125633	FBgn0025519
ENSG00000014164	FBgn0035900
ENSG00000108469	FBgn0027375
ENSG00000123737	FBgn0030789
ENSG00000132912	FBgn0033206
ENSG00000145191	FBgn0023512
ENSG00000023608	FBgn0038371
ENSG00000136371	FBgn0085453
ENSG00000169249	FBgn0031628
ENSG00000204435	FBgn0000259
ENSG00000160360	FBgn0040080
ENSG00000136286	FBgn0086347
ENSG00000147813	FBgn0031589
ENSG00000197081	FBgn0051072
ENSG00000130714	FBgn0003292
ENSG00000161526	FBgn0033400
ENSG00000204673	FBgn0267824
ENSG00000071243	FBgn0030945
ENSG00000104524	FBgn0038516
ENSG00000104522	FBgn0267823
ENSG00000144736	FBgn0037482
ENSG00000102038	FBgn0011604
ENSG00000105341	FBgn0037018
ENSG00000164953	FBgn0038814
ENSG00000186001	FBgn0032633
ENSG00000103707	FBgn0039836
ENSG00000180902	FBgn0023507
ENSG00000085721	FBgn0032988
ENSG00000149136	FBgn0026582
ENSG00000196961	FBgn0264855
ENSG00000166855	FBgn0038745
ENSG00000002745	FBgn0010453
ENSG00000181938	FBgn0030196
ENSG00000172331	FBgn0038957
ENSG00000198258	FBgn0022224
ENSG00000006530	FBgn0260750
ENSG00000174013	FBgn0043010
ENSG00000173486	FBgn0037930
ENSG00000072958	FBgn0024833
ENSG00000176915	FBgn0028343
ENSG00000137807	FBgn0011692
ENSG00000179364	FBgn0020647
ENSG00000021762	FBgn0261550
ENSG00000067836	FBgn0036697
ENSG00000115268	FBgn0034138
ENSG00000155666	FBgn0035166
ENSG00000163872	FBgn0027490
ENSG00000116132	FBgn0034821
ENSG00000089234	FBgn0038686
ENSG00000107937	FBgn0028473
ENSG00000110619	FBgn0027091
ENSG00000204569	FBgn0053526
ENSG00000121897	FBgn0029158
ENSG00000166111	FBgn0034956
ENSG00000161016	FBgn0261602
ENSG00000204568	FBgn0032849
ENSG00000204316	FBgn0030552
ENSG00000143476	FBgn0013548
ENSG00000205155	FBgn0053198
ENSG00000267796	FBgn0034430
ENSG00000004776	FBgn0001226
ENSG00000109814	FBgn0261445
ENSG00000167881	FBgn0035947
ENSG00000170619	FBgn0067622
ENSG00000140905	FBgn0027945
ENSG00000197345	FBgn0036853
ENSG00000127804	FBgn0033994
ENSG00000184277	FBgn0000077
ENSG00000007168	FBgn0015754
ENSG00000204564	FBgn0034940
ENSG00000163682	FBgn0015756
ENSG00000164898	FBgn0083953
ENSG00000108179	FBgn0036415
ENSG00000204560	FBgn0086444
ENSG00000120333	FBgn0044030
ENSG00000110344	FBgn0028467
ENSG00000204574	FBgn0030321
ENSG00000106400	FBgn0031668
ENSG00000121644	FBgn0033551
ENSG00000223496	FBgn0036916
ENSG00000062650	FBgn0004655
ENSG00000177239	FBgn0039634
ENSG00000121057	FBgn0263987
ENSG00000105447	FBgn0022288
ENSG00000188487	FBgn0011674
ENSG00000067533	FBgn0038275
ENSG00000128585	FBgn0033757
ENSG00000059573	FBgn0037146
ENSG00000256053	FBgn0029594
ENSG00000063177	FBgn0035753
ENSG00000069943	FBgn0035464
ENSG00000180891	FBgn0035283
ENSG00000119392	FBgn0033316
ENSG00000197771	FBgn0031875
ENSG00000137876	FBgn0037899
ENSG00000116161	FBgn0029882
ENSG00000113013	FBgn0001220
ENSG00000163714	FBgn0034572
ENSG00000124786	FBgn0036695
ENSG00000047936	FBgn0003366
ENSG00000189091	FBgn0035162
ENSG00000164338	FBgn0023527
ENSG00000137806	FBgn0039689
ENSG00000175582	FBgn0015797
ENSG00000090861	FBgn0027094
ENSG00000167716	FBgn0032395
ENSG00000059769	FBgn0030658
ENSG00000103932	FBgn0052104
ENSG00000148154	FBgn0067102
ENSG00000163754	FBgn0265191
ENSG00000135829	FBgn0002774
ENSG00000130707	FBgn0026565
ENSG00000113621	FBgn0034050
ENSG00000116668	FBgn0030892
ENSG00000166136	FBgn0029888
ENSG00000070495	FBgn0038948
ENSG00000162976	FBgn0035517
ENSG00000163755	FBgn0037142
ENSG00000108587	FBgn0044871
ENSG00000168090	FBgn0028837
ENSG00000163902	FBgn0053303
ENSG00000087258	FBgn0001122
ENSG00000179021	FBgn0035109
ENSG00000166508	FBgn0020633
ENSG00000114391	FBgn0032518
ENSG00000107815	FBgn0032154
ENSG00000182504	FBgn0031575
ENSG00000166986	FBgn0034401
ENSG00000096080	FBgn0051450
ENSG00000112146	FBgn0038056
ENSG00000142534	FBgn0033699
ENSG00000254999	FBgn0061198
ENSG00000087263	FBgn0265189
ENSG00000213760	FBgn0283536
ENSG00000065427	FBgn0027084
ENSG00000198546	FBgn0016970
ENSG00000080608	FBgn0015527
ENSG00000142546	FBgn0030915
ENSG00000157020	FBgn0024509
ENSG00000127884	FBgn0033879
ENSG00000107263	FBgn0259228
ENSG00000116906	FBgn0040212
ENSG00000169660	FBgn0028499
ENSG00000214309	FBgn0031766
ENSG00000103148	FBgn0036397
ENSG00000069966	FBgn0030011
ENSG00000126458	FBgn0003206
ENSG00000070748	FBgn0000303
ENSG00000109083	FBgn0050441
ENSG00000018610	FBgn0028919
ENSG00000136813	FBgn0033698
ENSG00000151665	FBgn0036893
ENSG00000182810	FBgn0086130
ENSG00000178149	FBgn0030660
ENSG00000119878	FBgn0032153
ENSG00000187714	FBgn0270928
ENSG00000129083	FBgn0008635
ENSG00000178057	FBgn0034919
ENSG00000164182	FBgn0263051
ENSG00000181038	FBgn0038396
ENSG00000188566	FBgn0035890
ENSG00000164187	FBgn0037689
ENSG00000163634	FBgn0035110
ENSG00000037897	FBgn0025629
ENSG00000143641	FBgn0031530
ENSG00000196367	FBgn0053554
ENSG00000152620	FBgn0033373
ENSG00000160211	FBgn0004057
ENSG00000011143	FBgn0030395
ENSG00000123297	FBgn0032646
ENSG00000165983	FBgn0037683
ENSG00000227345	FBgn0023216
ENSG00000010072	FBgn0267977
ENSG00000173253	FBgn0030477
ENSG00000112062	FBgn0024846
ENSG00000076242	FBgn0011659
ENSG00000004139	FBgn0262579
ENSG00000139719	FBgn0000257
ENSG00000087111	FBgn0265190
ENSG00000196305	FBgn0027086
ENSG00000115816	FBgn0036124
ENSG00000003509	FBgn0037880
ENSG00000094975	FBgn0051678
ENSG00000086848	FBgn0039293
ENSG00000130826	FBgn0259937
ENSG00000198408	FBgn0038870
ENSG00000131437	FBgn0004380
ENSG00000007202	FBgn0035420
ENSG00000137200	FBgn0029693
ENSG00000136875	FBgn0036733
ENSG00000136574	FBgn0038391
ENSG00000140471	FBgn0002552
ENSG00000154099	FBgn0023090
ENSG00000147316	FBgn0260959
ENSG00000167671	FBgn0034372
ENSG00000174099	FBgn0267376
ENSG00000109111	FBgn0028982
ENSG00000148218	FBgn0036271
ENSG00000188352	FBgn0034859
ENSG00000135637	FBgn0039009
ENSG00000132294	FBgn0086784
ENSG00000102312	FBgn0004957
ENSG00000102125	FBgn0026619
ENSG00000183207	FBgn0040075
ENSG00000197299	FBgn0002906
ENSG00000174748	FBgn0028697
ENSG00000140691	FBgn0039696
ENSG00000147679	FBgn0031361
ENSG00000136051	FBgn0030739
ENSG00000104852	FBgn0016978
ENSG00000138363	FBgn0039241
ENSG00000154767	FBgn0004698
ENSG00000151881	FBgn0035475
ENSG00000139620	FBgn0039710
ENSG00000140688	FBgn0032700
ENSG00000187954	FBgn0266918
ENSG00000164172	FBgn0039280
ENSG00000129968	FBgn0053096
ENSG00000182473	FBgn0266667
ENSG00000103502	FBgn0030670
ENSG00000164885	FBgn0013762
ENSG00000213638	FBgn0034360
ENSG00000133275	FBgn0250823
ENSG00000082213	FBgn0036846
ENSG00000168002	FBgn0051155
ENSG00000162227	FBgn0014342
ENSG00000160957	FBgn0040290
ENSG00000130332	FBgn0261068
ENSG00000175193	FBgn0033672
ENSG00000168569	FBgn0033547
ENSG00000108010	FBgn0032509
ENSG00000116918	FBgn0038327
ENSG00000197142	FBgn0036821
ENSG00000113360	FBgn0026722
ENSG00000132300	FBgn0033816
ENSG00000213563	FBgn0050010
ENSG00000074071	FBgn0285951
ENSG00000162032	FBgn0036549
ENSG00000165731	FBgn0011829
ENSG00000033050	FBgn0030672
ENSG00000132313	FBgn0038923
ENSG00000175581	FBgn0031357
ENSG00000170876	FBgn0035825
ENSG00000099795	FBgn0030605
ENSG00000095906	FBgn0037011
ENSG00000147677	FBgn0022023
ENSG00000135211	FBgn0035248
ENSG00000108963	FBgn0036194
ENSG00000135336	FBgn0005654
ENSG00000079435	FBgn0034491
ENSG00000113161	FBgn0263782
ENSG00000262664	FBgn0038806
ENSG00000116903	FBgn0266668
ENSG00000070366	FBgn0039260
ENSG00000162040	FBgn0031005
ENSG00000103043	FBgn0038058
ENSG00000103274	FBgn0032597
ENSG00000167721	FBgn0037073
ENSG00000187726	FBgn0035273
ENSG00000128050	FBgn0020513
ENSG00000008283	FBgn0035321
ENSG00000076924	FBgn0033859
ENSG00000066379	FBgn0038903
ENSG00000214517	FBgn0035951
ENSG00000129295	FBgn0014395
ENSG00000168434	FBgn0051040
ENSG00000104497	FBgn0034265
ENSG00000181029	FBgn0266723
ENSG00000106105	FBgn0027088
ENSG00000069248	FBgn0039004
ENSG00000204104	FBgn0038221
ENSG00000111684	FBgn0026630
ENSG00000103356	FBgn0036629
ENSG00000156973	FBgn0032059
ENSG00000144535	FBgn0035111
ENSG00000053900	FBgn0052707
ENSG00000004779	FBgn0011361
ENSG00000104980	FBgn0038683
ENSG00000166847	FBgn0040228
ENSG00000136932	FBgn0033229
ENSG00000221988	FBgn0032358
ENSG00000123453	FBgn0034276
ENSG00000166851	FBgn0003124
ENSG00000108424	FBgn0262743
ENSG00000172663	FBgn0035285
ENSG00000075785	FBgn0015795
ENSG00000151092	FBgn0033050
ENSG00000162236	FBgn0011708
ENSG00000083896	FBgn0027616
ENSG00000143952	FBgn0011232
ENSG00000061918	FBgn0013973
ENSG00000068354	FBgn0034009
ENSG00000178997	FBgn0000562
ENSG00000151093	FBgn0037356
ENSG00000182934	FBgn0010391
ENSG00000094631	FBgn0026428
ENSG00000214160	FBgn0011297
ENSG00000140992	FBgn0020386
ENSG00000230124	FBgn0064116
ENSG00000090263	FBgn0038426
ENSG00000110063	FBgn0037372
ENSG00000105865	FBgn0032750
ENSG00000163625	FBgn0043362
ENSG00000143473	FBgn0000535
ENSG00000175166	FBgn0028695
ENSG00000256525	FBgn0004407
ENSG00000137312	FBgn0024754
ENSG00000162065	FBgn0032901
ENSG00000167904	FBgn0085377
ENSG00000108854	FBgn0029006
ENSG00000166783	FBgn0039972
ENSG00000134851	FBgn0260659
ENSG00000165219	FBgn0030286
ENSG00000117222	FBgn0036973
ENSG00000185359	FBgn0031450
ENSG00000158571	FBgn0027621
ENSG00000156414	FBgn0003483
ENSG00000198730	FBgn0035205
ENSG00000118193	FBgn0004374
ENSG00000110321	FBgn0010488
ENSG00000160917	FBgn0015621
ENSG00000241468	FBgn0035032
ENSG00000257218	FBgn0064115
ENSG00000197912	FBgn0024992
ENSG00000147162	FBgn0261403
ENSG00000185024	FBgn0038499
ENSG00000110871	FBgn0030460
ENSG00000163291	FBgn0038256
ENSG00000149743	FBgn0053057
ENSG00000167272	FBgn0036696
ENSG00000143194	FBgn0016034
ENSG00000142541	FBgn0037351
ENSG00000139537	FBgn0050259
ENSG00000186073	FBgn0036536
ENSG00000002330	FBgn0039752
ENSG00000030304	FBgn0020391
ENSG00000139549	FBgn0004644
ENSG00000167123	FBgn0051915
ENSG00000198755	FBgn0036213
ENSG00000123154	FBgn0028897
ENSG00000136367	FBgn0004607
ENSG00000115687	FBgn0034950
ENSG00000086189	FBgn0039627
ENSG00000117984	FBgn0029093
ENSG00000105583	FBgn0035592
ENSG00000198356	FBgn0033191
ENSG00000146267	FBgn0014163
ENSG00000125450	FBgn0034310
ENSG00000132423	FBgn0032922
ENSG00000132424	FBgn0051211
ENSG00000104889	FBgn0031252
ENSG00000185049	FBgn0038872
ENSG00000174547	FBgn0038234
ENSG00000168395	FBgn0032516
ENSG00000134058	FBgn0263237
ENSG00000174483	FBgn0035741
ENSG00000076321	FBgn0040230
ENSG00000185324	FBgn0013435
ENSG00000135778	FBgn0037046
ENSG00000104133	FBgn0034786
ENSG00000085231	FBgn0033754
ENSG00000152942	FBgn0025808
ENSG00000125445	FBgn0032236
ENSG00000054392	FBgn0024194
ENSG00000138768	FBgn0040087
ENSG00000177885	FBgn0004638
ENSG00000165915	FBgn0039714
ENSG00000165917	FBgn0039911
ENSG00000172482	FBgn0014031
ENSG00000064313	FBgn0011836
ENSG00000213619	FBgn0266582
ENSG00000108298	FBgn0285950
ENSG00000090316	FBgn0051357
ENSG00000110536	FBgn0039111
ENSG00000178605	FBgn0039339
ENSG00000111678	FBgn0031403
ENSG00000130313	FBgn0030239
ENSG00000142444	FBgn0029665
ENSG00000104343	FBgn0033544
ENSG00000175536	FBgn0037251
ENSG00000090432	FBgn0035483
ENSG00000115649	FBgn0058191
ENSG00000158828	FBgn0029891
ENSG00000090054	FBgn0086532
ENSG00000102054	FBgn0263979
ENSG00000134371	FBgn0037657
ENSG00000111669	FBgn0086355
ENSG00000154582	FBgn0266711
ENSG00000118454	FBgn0034304
ENSG00000175606	FBgn0035805
ENSG00000116761	FBgn0000566
ENSG00000173545	FBgn0030878
ENSG00000169180	FBgn0266572
ENSG00000142676	FBgn0013325
ENSG00000057757	FBgn0032445
ENSG00000115657	FBgn0038376
ENSG00000161920	FBgn0036811
ENSG00000114742	FBgn0033607
ENSG00000134809	FBgn0027360
ENSG00000213593	FBgn0034455
ENSG00000096717	FBgn0024291
ENSG00000102030	FBgn0263251
ENSG00000103876	FBgn0016013
ENSG00000213085	FBgn0037162
ENSG00000005007	FBgn0030354
ENSG00000137154	FBgn0261592
ENSG00000167526	FBgn0011272
ENSG00000186468	FBgn0033912
ENSG00000163399	FBgn0267363
ENSG00000172795	FBgn0036534
ENSG00000107036	FBgn0028500
ENSG00000128951	FBgn0250837
ENSG00000105669	FBgn0027496
ENSG00000106443	FBgn0031606
ENSG00000113312	FBgn0038428
ENSG00000169241	FBgn0036501
ENSG00000115661	FBgn0037491
ENSG00000105671	FBgn0010220
ENSG00000108784	FBgn0014417
ENSG00000068120	FBgn0035632
ENSG00000113163	FBgn0027569
ENSG00000130175	FBgn0032643
ENSG00000135297	FBgn0034735
ENSG00000115652	FBgn0035848
ENSG00000176444	FBgn0265998
ENSG00000141873	FBgn0033096
ENSG00000165271	FBgn0261286
ENSG00000130713	FBgn0034879
ENSG00000142657	FBgn0004654
ENSG00000122008	FBgn0035766
ENSG00000136874	FBgn0035540
ENSG00000155561	FBgn0031078
ENSG00000182004	FBgn0261790
ENSG00000136522	FBgn0014023
ENSG00000041802	FBgn0266284
ENSG00000143633	FBgn0030291
ENSG00000140854	FBgn0040207
ENSG00000129347	FBgn0036254
ENSG00000039139	FBgn0267432
ENSG00000126970	FBgn0030806
ENSG00000083799	FBgn0032210
ENSG00000180376	FBgn0037014
ENSG00000071462	FBgn0037543
ENSG00000213339	FBgn0031321
ENSG00000162639	FBgn0033686
ENSG00000133835	FBgn0030731
ENSG00000156931	FBgn0035704
ENSG00000141002	FBgn0027549
ENSG00000151790	FBgn0003965
ENSG00000106344	FBgn0260456
ENSG00000132676	FBgn0034727
ENSG00000196455	FBgn0260935
ENSG00000112739	FBgn0027587
ENSG00000106348	FBgn0003204
ENSG00000141013	FBgn0029667
ENSG00000087269	FBgn0010926
ENSG00000163479	FBgn0011016
ENSG00000132361	FBgn0034087
ENSG00000129007	FBgn0038830
ENSG00000026297	FBgn0010406
ENSG00000089737	FBgn0034496
ENSG00000085760	FBgn0039588
ENSG00000083312	FBgn0035693
ENSG00000160993	FBgn0032149
ENSG00000198952	FBgn0019890
ENSG00000155906	FBgn0030678
ENSG00000147536	FBgn0039403
ENSG00000163468	FBgn0015019
ENSG00000173085	FBgn0037574
ENSG00000120262	FBgn0263079
ENSG00000164975	FBgn0260398
ENSG00000118518	FBgn0036897
ENSG00000141376	FBgn0266019
ENSG00000183208	FBgn0035999
ENSG00000172775	FBgn0034242
ENSG00000172818	FBgn0003028
ENSG00000163312	FBgn0002899
ENSG00000105793	FBgn0032818
ENSG00000147799	FBgn0038853
ENSG00000172732	FBgn0040347
ENSG00000135821	FBgn0001145
ENSG00000125149	FBgn0035877
ENSG00000204228	FBgn0029648
ENSG00000108788	FBgn0039509
ENSG00000223501	FBgn0031710
ENSG00000168275	FBgn0259722
ENSG00000153207	FBgn0031052
ENSG00000231500	FBgn0010411
ENSG00000168701	FBgn0034059
ENSG00000227057	FBgn0030000
ENSG00000110060	FBgn0034703
ENSG00000183049	FBgn0016126
ENSG00000204220	FBgn0036918
ENSG00000106588	FBgn0086134
ENSG00000177971	FBgn0034232
ENSG00000214575	FBgn0004882
ENSG00000106591	FBgn0039835
ENSG00000128039	FBgn0032014
ENSG00000128626	FBgn0003714
ENSG00000109618	FBgn0037347
ENSG00000115234	FBgn0032191
ENSG00000204209	FBgn0031820
ENSG00000159352	FBgn0015283
ENSG00000111364	FBgn0037561
ENSG00000178982	FBgn0034654
ENSG00000114850	FBgn0025700
ENSG00000186564	FBgn0004896
ENSG00000244038	FBgn0014868
ENSG00000111361	FBgn0039726
ENSG00000034533	FBgn0015905
ENSG00000213380	FBgn0287204
ENSG00000111358	FBgn0031309
ENSG00000163636	FBgn0028688
ENSG00000047056	FBgn0038617
ENSG00000132603	FBgn0039233
ENSG00000157315	FBgn0061492
ENSG00000138002	FBgn0035317
ENSG00000179387	FBgn0037473
ENSG00000176715	FBgn0029945
ENSG00000119723	FBgn0031713
ENSG00000075131	FBgn0032698
ENSG00000144749	FBgn0034083
ENSG00000112514	FBgn0030545
ENSG00000109534	FBgn0011824
ENSG00000197653	FBgn0013813
ENSG00000138823	FBgn0266369
ENSG00000174444	FBgn0003279
ENSG00000167325	FBgn0011703
ENSG00000131844	FBgn0042083
ENSG00000105819	FBgn0038271
ENSG00000012232	FBgn0027535
ENSG00000119711	FBgn0023537
ENSG00000129187	FBgn0036959
ENSG00000169251	FBgn0023542
ENSG00000174442	FBgn0061476
ENSG00000161057	FBgn0028687
ENSG00000169139	FBgn0035601
ENSG00000005469	FBgn0039543
ENSG00000204628	FBgn0020618
ENSG00000211460	FBgn0033528
ENSG00000123908	FBgn0262739
ENSG00000164074	FBgn0052112
ENSG00000120253	FBgn0038609
ENSG00000153130	FBgn0039505
ENSG00000115947	FBgn0023181
ENSG00000137509	FBgn0032864
ENSG00000061794	FBgn0035374
ENSG00000165525	FBgn0259152
ENSG00000188467	FBgn0037238
ENSG00000165527	FBgn0013750
ENSG00000164933	FBgn0033391
ENSG00000164934	FBgn0036500
ENSG00000137502	FBgn0031882
ENSG00000249915	FBgn0086378
ENSG00000141552	FBgn0250903
ENSG00000136758	FBgn0034792
ENSG00000198855	FBgn0263278
ENSG00000171503	FBgn0286783
ENSG00000075856	FBgn0014024
ENSG00000114735	FBgn0031817
ENSG00000100890	FBgn0029858
ENSG00000142102	FBgn0032387
ENSG00000185813	FBgn0032482
ENSG00000136003	FBgn0037637
ENSG00000128731	FBgn0031107
ENSG00000103275	FBgn0010602
ENSG00000169230	FBgn0033413
ENSG00000151445	FBgn0039702
ENSG00000106636	FBgn0260858
ENSG00000063046	FBgn0020660
ENSG00000171135	FBgn0037374
ENSG00000100591	FBgn0032961
ENSG00000071539	FBgn0051453
ENSG00000187531	FBgn0039631
ENSG00000128928	FBgn0035911
ENSG00000145020	FBgn0032287
ENSG00000049541	FBgn0260985
ENSG00000164405	FBgn0036728
ENSG00000100632	FBgn0011586
ENSG00000029364	FBgn0039902
ENSG00000147606	FBgn0036770
ENSG00000109323	FBgn0037215
ENSG00000081177	FBgn0037901
ENSG00000140006	FBgn0033471
ENSG00000128881	FBgn0039908
ENSG00000071537	FBgn0028475
ENSG00000112578	FBgn0010292
ENSG00000007520	FBgn0038313
ENSG00000164675	FBgn0038960
ENSG00000164068	FBgn0038296
ENSG00000249853	FBgn0053147
ENSG00000001167	FBgn0035993
ENSG00000128609	FBgn0047038
ENSG00000151366	FBgn0031505
ENSG00000132275	FBgn0034422
ENSG00000166333	FBgn0028427
ENSG00000173540	FBgn0037279
ENSG00000172354	FBgn0004623
ENSG00000159063	FBgn0029906
ENSG00000197694	FBgn0250789
ENSG00000114648	FBgn0037978
ENSG00000104320	FBgn0261530
ENSG00000165355	FBgn0035959
ENSG00000172336	FBgn0066304
ENSG00000131462	FBgn0260639
ENSG00000092148	FBgn0032208
ENSG00000183770	FBgn0003430
ENSG00000164022	FBgn0033351
ENSG00000163428	FBgn0052687
ENSG00000168014	FBgn0052425
ENSG00000114209	FBgn0038331
ENSG00000123096	FBgn0030360
ENSG00000157426	FBgn0027780
ENSG00000172456	FBgn0035484
ENSG00000131475	FBgn0022027
ENSG00000126214	FBgn0010235
ENSG00000095564	FBgn0022787
ENSG00000149231	FBgn0036958
ENSG00000087087	FBgn0033062
ENSG00000138413	FBgn0001248
ENSG00000131876	FBgn0033210
ENSG00000073536	FBgn0021874
ENSG00000188603	FBgn0036756
ENSG00000145734	FBgn0032512
ENSG00000032389	FBgn0036292
ENSG00000115446	FBgn0037609
ENSG00000151806	FBgn0024182
ENSG00000113810	FBgn0015391
ENSG00000141971	FBgn0030894
ENSG00000172409	FBgn0033842
ENSG00000168066	FBgn0025571
ENSG00000122140	FBgn0031639
ENSG00000107020	FBgn0030559
ENSG00000021574	FBgn0039141
ENSG00000165632	FBgn0026262
ENSG00000205707	FBgn0040985
ENSG00000150593	FBgn0030520
ENSG00000147471	FBgn0039751
ENSG00000151148	FBgn0035953
ENSG00000119523	FBgn0035401
ENSG00000106803	FBgn0010638
ENSG00000141252	FBgn0031598
ENSG00000163001	FBgn0038170
ENSG00000083937	FBgn0035589
ENSG00000011114	FBgn0030701
ENSG00000128602	FBgn0003444
ENSG00000175324	FBgn0261067
ENSG00000119041	FBgn0034186
ENSG00000114767	FBgn0053505
ENSG00000133958	FBgn0038693
ENSG00000179085	FBgn0053977
ENSG00000116685	FBgn0031379
ENSG00000204590	FBgn0032882
ENSG00000033030	FBgn0035021
ENSG00000166471	FBgn0030850
ENSG00000125656	FBgn0032229
ENSG00000205339	FBgn0026252
ENSG00000125652	FBgn0036210
ENSG00000125651	FBgn0010282
ENSG00000184445	FBgn0003268
ENSG00000278570	FBgn0034012
ENSG00000144182	FBgn0265178
ENSG00000162244	FBgn0016726
ENSG00000167986	FBgn0260962
ENSG00000164087	FBgn0036354
ENSG00000197265	FBgn0015829
ENSG00000100442	FBgn0034368
ENSG00000188647	FBgn0027296
ENSG00000137404	FBgn0038536
ENSG00000115514	FBgn0037843
ENSG00000187790	FBgn0038889
ENSG00000143222	FBgn0034061
ENSG00000143224	FBgn0020018
ENSG00000178074	FBgn0051122
ENSG00000164091	FBgn0032030
ENSG00000164463	FBgn0039209
ENSG00000168237	FBgn0031428
ENSG00000113734	FBgn0037383
ENSG00000163930	FBgn0262166
ENSG00000115524	FBgn0031266
ENSG00000122882	FBgn0000543
ENSG00000153015	FBgn0036207
ENSG00000115540	FBgn0259483
ENSG00000213551	FBgn0037878
ENSG00000014123	FBgn0037467
ENSG00000182180	FBgn0033907
ENSG00000147419	FBgn0029929
ENSG00000122335	FBgn0039430
ENSG00000135404	FBgn0033629
ENSG00000138385	FBgn0011638
ENSG00000104957	FBgn0034402
ENSG00000177728	FBgn0022153
ENSG00000138382	FBgn0036856
ENSG00000037757	FBgn0039849
ENSG00000108094	FBgn0032956
ENSG00000272047	FBgn0265968
ENSG00000184432	FBgn0025724
ENSG00000136819	FBgn0035254
ENSG00000112981	FBgn0039809
ENSG00000168078	FBgn0030864
ENSG00000166922	FBgn0041707
ENSG00000180535	FBgn0023091
ENSG00000138614	FBgn0031314
ENSG00000182173	FBgn0036266
ENSG00000111412	FBgn0030654
ENSG00000134014	FBgn0031604
ENSG00000164347	FBgn0051159
ENSG00000144357	FBgn0260970
ENSG00000164346	FBgn0025366
ENSG00000197635	FBgn0259175
ENSG00000166548	FBgn0022338
ENSG00000167632	FBgn0261787
ENSG00000100697	FBgn0039016
ENSG00000104907	FBgn0032430
ENSG00000079785	FBgn0015075
ENSG00000110955	FBgn0010217
ENSG00000188931	FBgn0025612
ENSG00000105258	FBgn0004855
ENSG00000105254	FBgn0034451
ENSG00000107669	FBgn0025720
ENSG00000198056	FBgn0011762
ENSG00000149541	FBgn0066114
ENSG00000119707	FBgn0028474
ENSG00000179041	FBgn0052409
ENSG00000147576	FBgn0017482
ENSG00000105948	FBgn0038358
ENSG00000167447	FBgn0032296
ENSG00000172731	FBgn0030357
ENSG00000151575	FBgn0069913
ENSG00000135476	FBgn0035627
ENSG00000173917	FBgn0051481
ENSG00000105618	FBgn0036487
ENSG00000148444	FBgn0030100
ENSG00000140995	FBgn0046296
ENSG00000172428	FBgn0040754
ENSG00000185085	FBgn0038168
ENSG00000123349	FBgn0038976
ENSG00000130414	FBgn0019957
ENSG00000162191	FBgn0035830
ENSG00000105617	FBgn0037809
ENSG00000008311	FBgn0286198
ENSG00000139637	FBgn0037652
ENSG00000125505	FBgn0031815
ENSG00000165813	FBgn0036614
ENSG00000150768	FBgn0283658
ENSG00000170892	FBgn0053260
ENSG00000187147	FBgn0039013
ENSG00000128563	FBgn0034086
ENSG00000170889	FBgn0010408
ENSG00000176108	FBgn0034744
ENSG00000055950	FBgn0034893
ENSG00000126106	FBgn0033031
ENSG00000150773	FBgn0035986
ENSG00000165282	FBgn0034346
ENSG00000162066	FBgn0031099
ENSG00000177370	FBgn0051229
ENSG00000123454	FBgn0010329
ENSG00000164815	FBgn0015271
ENSG00000147654	FBgn0052536
ENSG00000182774	FBgn0005533
ENSG00000140598	FBgn0053158
ENSG00000122687	FBgn0038737
ENSG00000143977	FBgn0261791
ENSG00000142937	FBgn0039713
ENSG00000111639	FBgn0032053
ENSG00000173692	FBgn0028692
ENSG00000010292	FBgn0039680
ENSG00000070785	FBgn0034029
ENSG00000196586	FBgn0011225
ENSG00000140525	FBgn0033354
ENSG00000106125	FBgn0036143
ENSG00000126088	FBgn0033428
ENSG00000092098	FBgn0031857
ENSG00000099875	FBgn0017581
ENSG00000141580	FBgn0037648
ENSG00000162408	FBgn0034073
ENSG00000129691	FBgn0000139
ENSG00000111641	FBgn0033741
ENSG00000166126	FBgn0025686
ENSG00000133316	FBgn0284246
ENSG00000164944	FBgn0003977
ENSG00000119285	FBgn0086451
ENSG00000141556	FBgn0027509
ENSG00000198924	FBgn0037338
ENSG00000125743	FBgn0261789
ENSG00000163093	FBgn0037280
ENSG00000117751	FBgn0026402
ENSG00000213741	FBgn0261599
ENSG00000165501	FBgn0010398
ENSG00000134516	FBgn0015513
ENSG00000168282	FBgn0039738
ENSG00000165506	FBgn0033224
ENSG00000100479	FBgn0035644
ENSG00000104142	FBgn0000482
ENSG00000114346	FBgn0003041
ENSG00000156170	FBgn0030352
ENSG00000128908	FBgn0086613
ENSG00000165023	FBgn0037754
ENSG00000095380	FBgn0038045
ENSG00000115750	FBgn0037792
ENSG00000117906	FBgn0031673
ENSG00000165916	FBgn0028684
ENSG00000104853	FBgn0031590
ENSG00000124782	FBgn0003053
ENSG00000114127	FBgn0020261
ENSG00000125107	FBgn0085436
ENSG00000119048	FBgn0004436
ENSG00000105607	FBgn0031824
ENSG00000175895	FBgn0025381
ENSG00000185345	FBgn0041100
ENSG00000164332	FBgn0027526
ENSG00000069974	FBgn0025382
ENSG00000136271	FBgn0001565
ENSG00000144589	FBgn0031752
ENSG00000125166	FBgn0001125
ENSG00000105325	FBgn0262699
ENSG00000164638	FBgn0036319
ENSG00000118181	FBgn0086472
ENSG00000196655	FBgn0260861
ENSG00000138430	FBgn0030151
ENSG00000092621	FBgn0032350
ENSG00000051596	FBgn0037569
ENSG00000177479	FBgn0025186
ENSG00000138433	FBgn0036827
ENSG00000172273	FBgn0004606
ENSG00000015153	FBgn0034763
ENSG00000048162	FBgn0039868
ENSG00000007080	FBgn0038675
ENSG00000284770	FBgn0033055
ENSG00000126814	FBgn0052281
ENSG00000105700	FBgn0036291
ENSG00000027847	FBgn0039258
ENSG00000129460	FBgn0031736
ENSG00000221983	FBgn0003941
ENSG00000109501	FBgn0039003
ENSG00000221955	FBgn0024365
ENSG00000198836	FBgn0261276
ENSG00000111725	FBgn0260972
ENSG00000122966	FBgn0002466
ENSG00000197386	FBgn0027655
ENSG00000145912	FBgn0029148
ENSG00000104884	FBgn0261850
ENSG00000109790	FBgn0030114
ENSG00000143543	FBgn0025820
ENSG00000066654	FBgn0035532
ENSG00000116198	FBgn0032800
ENSG00000163743	FBgn0031816
ENSG00000163214	FBgn0030246
ENSG00000183044	FBgn0036927
ENSG00000215021	FBgn0010551
ENSG00000169598	FBgn0028406
ENSG00000184857	FBgn0033808
ENSG00000079432	FBgn0262582
ENSG00000116667	FBgn0035719
ENSG00000186088	FBgn0010309
ENSG00000086504	FBgn0031660
ENSG00000182117	FBgn0033548
ENSG00000160752	FBgn0025373
ENSG00000132286	FBgn0027358
ENSG00000278053	FBgn0036754
ENSG00000074582	FBgn0032195
ENSG00000105875	FBgn0038672
ENSG00000132591	FBgn0038106
ENSG00000163481	FBgn0033884
ENSG00000132589	FBgn0264078
ENSG00000163482	FBgn0001079
ENSG00000198650	FBgn0030558
ENSG00000138688	FBgn0261671
ENSG00000065328	FBgn0032929
ENSG00000099624	FBgn0028342
ENSG00000109118	FBgn0029861
ENSG00000140451	FBgn0031540
ENSG00000116747	FBgn0029666
ENSG00000173113	FBgn0037061
ENSG00000161513	FBgn0015582
ENSG00000175203	FBgn0021825
ENSG00000243710	FBgn0034745
ENSG00000146909	FBgn0035336
ENSG00000168818	FBgn0039212
ENSG00000117395	FBgn0039828
ENSG00000167861	FBgn0033713
ENSG00000116874	FBgn0036763
ENSG00000167862	FBgn0032261
ENSG00000167863	FBgn0285943
ENSG00000108506	FBgn0030858
ENSG00000184508	FBgn0039650
ENSG00000186153	FBgn0031972
ENSG00000056050	FBgn0037377
ENSG00000137656	FBgn0039210
ENSG00000109917	FBgn0030096
ENSG00000113456	FBgn0026778
ENSG00000113460	FBgn0035524
ENSG00000175595	FBgn0002707
ENSG00000168214	FBgn0004837
ENSG00000163686	FBgn0020545
ENSG00000258315	FBgn0052831
ENSG00000188760	FBgn0031065
ENSG00000184056	FBgn0039335
ENSG00000168297	FBgn0033244
ENSG00000130305	FBgn0259704
ENSG00000035928	FBgn0004913
ENSG00000134453	FBgn0086683
ENSG00000077800	FBgn0003401
ENSG00000168000	FBgn0040336
ENSG00000173992	FBgn0010531
ENSG00000145708	FBgn0039770
ENSG00000168291	FBgn0039635
ENSG00000164252	FBgn0034002
ENSG00000162614	FBgn0265045
ENSG00000166275	FBgn0034519
ENSG00000167005	FBgn0035987
ENSG00000072778	FBgn0034432
ENSG00000136521	FBgn0011455
ENSG00000172890	FBgn0030512
ENSG00000064419	FBgn0031456
ENSG00000163328	FBgn0036741
ENSG00000166224	FBgn0010591
ENSG00000161328	FBgn0036936
ENSG00000171530	FBgn0039869
ENSG00000168228	FBgn0033948
ENSG00000138785	FBgn0039459
ENSG00000275835	FBgn0026433
ENSG00000175826	FBgn0029067
ENSG00000182149	FBgn0035715
ENSG00000145293	FBgn0037305
ENSG00000184584	FBgn0033453
ENSG00000124641	FBgn0013531
ENSG00000006047	FBgn0022959
ENSG00000058668	FBgn0259214
ENSG00000113048	FBgn0025336
ENSG00000214022	FBgn0037317
ENSG00000270765	FBgn0028371
ENSG00000196456	FBgn0025874
ENSG00000163875	FBgn0035624
ENSG00000105576	FBgn0024921
ENSG00000111665	FBgn0027949
ENSG00000145220	FBgn0033507
ENSG00000102967	FBgn0000447
ENSG00000131238	FBgn0030057
ENSG00000151208	FBgn0032363
ENSG00000140829	FBgn0026713
ENSG00000148606	FBgn0030687
ENSG00000167543	FBgn0035372
ENSG00000138326	FBgn0261596
ENSG00000152670	FBgn0283442
ENSG00000166595	FBgn0036107
ENSG00000164167	FBgn0034564
ENSG00000240682	FBgn0037550
ENSG00000211456	FBgn0283500
ENSG00000163956	FBgn0037756
ENSG00000009954	FBgn0033636
ENSG00000107521	FBgn0033973
ENSG00000242485	FBgn0036335
ENSG00000135776	FBgn0023536
ENSG00000142544	FBgn0033375
ENSG00000168488	FBgn0041188
ENSG00000113492	FBgn0037186
ENSG00000165630	FBgn0027784
ENSG00000105379	FBgn0039697
ENSG00000111850	FBgn0052448
ENSG00000272514	FBgn0034532
ENSG00000050426	FBgn0017429
ENSG00000117408	FBgn0261532
ENSG00000146282	FBgn0037526
ENSG00000061936	FBgn0003638
ENSG00000109762	FBgn0029976
ENSG00000171862	FBgn0026379
ENSG00000183011	FBgn0051950
ENSG00000177192	FBgn0038811
ENSG00000119929	FBgn0038332
ENSG00000014919	FBgn0034938
ENSG00000244607	FBgn0036652
ENSG00000015171	FBgn0033752
ENSG00000137414	FBgn0033350
ENSG00000175155	FBgn0030183
ENSG00000062582	FBgn0039159
ENSG00000176894	FBgn0035252
ENSG00000174720	FBgn0260771
ENSG00000169718	FBgn0031238
ENSG00000166598	FBgn0039562
ENSG00000108091	FBgn0036685
ENSG00000170312	FBgn0004106
ENSG00000181982	FBgn0038330
ENSG00000131370	FBgn0033988
ENSG00000139372	FBgn0026869
ENSG00000118965	FBgn0035264
ENSG00000206562	FBgn0085224
ENSG00000117505	FBgn0028926
ENSG00000106263	FBgn0034237
ENSG00000131373	FBgn0034488
ENSG00000106009	FBgn0038854
ENSG00000095787	FBgn0030812
ENSG00000048405	FBgn0037379
ENSG00000243477	FBgn0037747
ENSG00000090520	FBgn0031256
ENSG00000154743	FBgn0051812
ENSG00000085840	FBgn0286788
ENSG00000143751	FBgn0043455
ENSG00000196365	FBgn0036892
ENSG00000143748	FBgn0016983
ENSG00000074319	FBgn0036666
ENSG00000141994	FBgn0032819
ENSG00000108733	FBgn0031282
ENSG00000204463	FBgn0035793
ENSG00000174886	FBgn0034576
ENSG00000143771	FBgn0243513
ENSG00000111231	FBgn0037478
ENSG00000167658	FBgn0000559
ENSG00000111237	FBgn0031310
ENSG00000105229	FBgn0003612
ENSG00000122545	FBgn0013726
ENSG00000151348	FBgn0029175
ENSG00000077463	FBgn0037802
ENSG00000198677	FBgn0033376
ENSG00000167470	FBgn0052676
ENSG00000153303	FBgn0004583
ENSG00000213672	FBgn0029997
ENSG00000166441	FBgn0285948
ENSG00000196511	FBgn0037942
ENSG00000180917	FBgn0026309
ENSG00000173812	FBgn0035423
ENSG00000163738	FBgn0010222
ENSG00000181873	FBgn0037610
ENSG00000172809	FBgn0040007
ENSG00000187240	FBgn0023096
ENSG00000171960	FBgn0033089
ENSG00000171595	FBgn0035799
ENSG00000280789	FBgn0287454
ENSG00000242110	FBgn0032881
ENSG00000137168	FBgn0035141
ENSG00000178401	FBgn0030805
ENSG00000204347	FBgn0030330
ENSG00000170088	FBgn0038533
ENSG00000105778	FBgn0030499
ENSG00000151552	FBgn0035964
ENSG00000162929	FBgn0036031
ENSG00000171302	FBgn0037900
ENSG00000167280	FBgn0030839
ENSG00000241553	FBgn0284255
ENSG00000149089	FBgn0030518
ENSG00000139531	FBgn0030966
ENSG00000080345	FBgn0050085
ENSG00000163964	FBgn0050381
ENSG00000049656	FBgn0030456
ENSG00000019505	FBgn0261090
ENSG00000197728	FBgn0261597
ENSG00000163104	FBgn0032157
ENSG00000135709	FBgn0031858
ENSG00000091140	FBgn0036762
ENSG00000196678	FBgn0265192
ENSG00000162923	FBgn0037094
ENSG00000163106	FBgn0010226
ENSG00000188215	FBgn0033784
ENSG00000163918	FBgn0030871
ENSG00000109133	FBgn0266449
ENSG00000114026	FBgn0027864
ENSG00000114982	FBgn0033897
ENSG00000132600	FBgn0034817
ENSG00000014824	FBgn0033762
ENSG00000134248	FBgn0026090
ENSG00000092931	FBgn0038053
ENSG00000197006	FBgn0034925
ENSG00000116353	FBgn0033883
ENSG00000138798	FBgn0030706
ENSG00000136630	FBgn0001170
ENSG00000010322	FBgn0033996
ENSG00000213337	FBgn0264743
ENSG00000181852	FBgn0283649
ENSG00000114841	FBgn0037254
ENSG00000117593	FBgn0051739
ENSG00000062822	FBgn0263600
ENSG00000149554	FBgn0261278
ENSG00000159720	FBgn0039058
ENSG00000171385	FBgn0005564
ENSG00000179889	FBgn0031174
ENSG00000171634	FBgn0000541
ENSG00000095059	FBgn0035854
ENSG00000108474	FBgn0038763
ENSG00000145214	FBgn0051140
ENSG00000104885	FBgn0264495
ENSG00000170315	FBgn0029856
ENSG00000127415	FBgn0032343
ENSG00000143256	FBgn0010741
ENSG00000104897	FBgn0036314
ENSG00000158793	FBgn0024945
ENSG00000172269	FBgn0032477
ENSG00000157106	FBgn0263968
ENSG00000127418	FBgn0051431
ENSG00000121350	FBgn0032846
ENSG00000081803	FBgn0053653
ENSG00000161594	FBgn0040038
ENSG00000172113	FBgn0030573
ENSG00000139131	FBgn0035064
ENSG00000131473	FBgn0020236
ENSG00000129933	FBgn0038300
ENSG00000053501	FBgn0035965
ENSG00000204815	FBgn0034692
ENSG00000118046	FBgn0038167
ENSG00000114302	FBgn0022382
ENSG00000136197	FBgn0260755
ENSG00000170322	FBgn0027503
ENSG00000082898	FBgn0020497
ENSG00000080802	FBgn0051716
ENSG00000130921	FBgn0050100
ENSG00000150990	FBgn0001330
ENSG00000081307	FBgn0030305
ENSG00000163719	FBgn0027506
ENSG00000143799	FBgn0010247
ENSG00000154114	FBgn0265512
ENSG00000170836	FBgn0022768
ENSG00000140943	FBgn0037105
ENSG00000001084	FBgn0040319
ENSG00000136478	FBgn0264305
ENSG00000103035	FBgn0002787
ENSG00000011376	FBgn0027085
ENSG00000076604	FBgn0026319
ENSG00000075089	FBgn0011741
ENSG00000205084	FBgn0031707
ENSG00000111832	FBgn0039163
ENSG00000132780	FBgn0037624
ENSG00000103363	FBgn0023212
ENSG00000130779	FBgn0020503
ENSG00000168802	FBgn0054001
ENSG00000204351	FBgn0039117
ENSG00000140990	FBgn0021967
ENSG00000175224	FBgn0261108
ENSG00000140988	FBgn0004867
ENSG00000109775	FBgn0036512
ENSG00000179580	FBgn0028847
ENSG00000183751	FBgn0033454
ENSG00000143774	FBgn0036099
ENSG00000025796	FBgn0035771
ENSG00000146263	FBgn0023513
ENSG00000065057	FBgn0032907
ENSG00000089163	FBgn0029783
ENSG00000091536	FBgn0263705
ENSG00000103197	FBgn0005198
ENSG00000169976	FBgn0040534
ENSG00000120265	FBgn0086768
ENSG00000083097	FBgn0034400
ENSG00000068097	FBgn0025621
ENSG00000117245	FBgn0039925
ENSG00000184752	FBgn0031436
ENSG00000068903	FBgn0038788
ENSG00000016391	FBgn0037896
ENSG00000022840	FBgn0035232
ENSG00000113812	FBgn0030877
ENSG00000106290	FBgn0010417
ENSG00000144554	FBgn0038827
ENSG00000110700	FBgn0010265
ENSG00000138750	FBgn0033737
ENSG00000120868	FBgn0263864
ENSG00000018510	FBgn0033983
ENSG00000135587	FBgn0035421
ENSG00000172425	FBgn0036359
ENSG00000114491	FBgn0003257
ENSG00000163069	FBgn0038042
ENSG00000163071	FBgn0039749
ENSG00000179299	FBgn0266099
ENSG00000138031	FBgn0023416
ENSG00000013375	FBgn0036298
ENSG00000136068	FBgn0039500
ENSG00000118096	FBgn0032692
ENSG00000136709	FBgn0046222
ENSG00000173349	FBgn0053635
ENSG00000144231	FBgn0263757
ENSG00000136715	FBgn0262714
ENSG00000111269	FBgn0032202
ENSG00000213782	FBgn0032919
ENSG00000112473	FBgn0002022
ENSG00000103018	FBgn0029854
ENSG00000185716	FBgn0036922
ENSG00000170473	FBgn0034918
ENSG00000135945	FBgn0035150
ENSG00000143183	FBgn0032746
ENSG00000161980	FBgn0061362
ENSG00000110076	FBgn0038975
ENSG00000132017	FBgn0037814
ENSG00000173559	FBgn0031909
ENSG00000051341	FBgn0002905
ENSG00000133895	FBgn0031885
ENSG00000008838	FBgn0035851
ENSG00000111615	FBgn0020305
ENSG00000131943	FBgn0023530
ENSG00000112333	FBgn0003720
ENSG00000155393	FBgn0037439
ENSG00000081087	FBgn0035440
ENSG00000108641	FBgn0038342
ENSG00000071127	FBgn0260049
ENSG00000099821	FBgn0261938
ENSG00000185619	FBgn0002283
ENSG00000180616	FBgn0036789
ENSG00000166685	FBgn0037998
ENSG00000188186	FBgn0035469
ENSG00000171148	FBgn0030891
ENSG00000089248	FBgn0004003
ENSG00000111300	FBgn0243511
ENSG00000133193	FBgn0051898
ENSG00000118363	FBgn0030306
ENSG00000183077	FBgn0031821
ENSG00000115970	FBgn0031077
ENSG00000167699	FBgn0031143
ENSG00000222011	FBgn0034027
ENSG00000112118	FBgn0284442
ENSG00000095139	FBgn0028969
ENSG00000183914	FBgn0001313
ENSG00000149196	FBgn0035243
ENSG00000130724	FBgn0039402
ENSG00000103544	FBgn0037622
ENSG00000133195	FBgn0033665
ENSG00000184924	FBgn0038446
ENSG00000162959	FBgn0038110
ENSG00000084090	FBgn0032513
ENSG00000103540	FBgn0031191
ENSG00000115942	FBgn0015270
ENSG00000164162	FBgn0034231
ENSG00000123395	FBgn0030960
ENSG00000106245	FBgn0001491
ENSG00000119013	FBgn0034645
ENSG00000164163	FBgn0086706
ENSG00000239382	FBgn0032259
ENSG00000124074	FBgn0033174
ENSG00000138036	FBgn0032119
ENSG00000130396	FBgn0259212
ENSG00000130159	FBgn0028436
ENSG00000277972	FBgn0033100
ENSG00000138075	FBgn0039244
ENSG00000277791	FBgn0026380
ENSG00000077348	FBgn0037815
ENSG00000273559	FBgn0031452
ENSG00000123415	FBgn0038490
ENSG00000136485	FBgn0266848
ENSG00000172992	FBgn0037469
ENSG00000146576	FBgn0036987
ENSG00000112159	FBgn0033661
ENSG00000188976	FBgn0032925
ENSG00000176125	FBgn0050157
ENSG00000136045	FBgn0263510
ENSG00000068654	FBgn0019938
ENSG00000145041	FBgn0034641
ENSG00000116221	FBgn0261380
ENSG00000128487	FBgn0015008
ENSG00000250506	FBgn0004107
ENSG00000169727	FBgn0027057
ENSG00000185627	FBgn0028691
ENSG00000135775	FBgn0026634
ENSG00000153574	FBgn0050410
ENSG00000127995	FBgn0029685
ENSG00000105755	FBgn0050022
ENSG00000135773	FBgn0012051
ENSG00000164080	FBgn0034976
ENSG00000038358	FBgn0283682
ENSG00000134815	FBgn0052533
ENSG00000139625	FBgn0036896
ENSG00000153814	FBgn0039831
ENSG00000126524	FBgn0035714
ENSG00000115998	FBgn0039663
ENSG00000108669	FBgn0086779
ENSG00000142186	FBgn0260990
ENSG00000132437	FBgn0000422
ENSG00000167264	FBgn0030554
ENSG00000198863	FBgn0040348
ENSG00000183624	FBgn0037656
ENSG00000123064	FBgn0052344
ENSG00000137955	FBgn0028970
ENSG00000167508	FBgn0030683
ENSG00000106628	FBgn0027903
ENSG00000169738	FBgn0030968
ENSG00000174177	FBgn0032793
ENSG00000134376	FBgn0031879
ENSG00000160799	FBgn0039732
ENSG00000159479	FBgn0034503
ENSG00000138381	FBgn0032997
ENSG00000116337	FBgn0052626
ENSG00000128694	FBgn0031060
ENSG00000167513	FBgn0000996
ENSG00000091640	FBgn0032870
ENSG00000198931	FBgn0000109
ENSG00000137474	FBgn0000317
ENSG00000066279	FBgn0000140
ENSG00000167515	FBgn0033605
ENSG00000106305	FBgn0036515
ENSG00000135372	FBgn0027330
ENSG00000168958	FBgn0050404
ENSG00000077235	FBgn0032517
ENSG00000105185	FBgn0036580
ENSG00000141519	FBgn0262123
ENSG00000122512	FBgn0011660
ENSG00000127554	FBgn0031068
ENSG00000141543	FBgn0037573
ENSG00000143314	FBgn0031651
ENSG00000196712	FBgn0015269
ENSG00000143294	FBgn0035249
ENSG00000169189	FBgn0031848
ENSG00000110917	FBgn0032916
ENSG00000122971	FBgn0038742
ENSG00000254986	FBgn0037580
ENSG00000167085	FBgn0002031
ENSG00000157837	FBgn0039381
ENSG00000175110	FBgn0039555
ENSG00000175221	FBgn0034707
ENSG00000144895	FBgn0037135
ENSG00000114686	FBgn0030686
ENSG00000089009	FBgn0039857
ENSG00000103266	FBgn0027052
ENSG00000196535	FBgn0026059
ENSG00000137992	FBgn0030612
ENSG00000125084	FBgn0284084
ENSG00000137996	FBgn0025630
ENSG00000127580	FBgn0027518
ENSG00000127585	FBgn0052085
ENSG00000015676	FBgn0051251
ENSG00000073111	FBgn0014861
ENSG00000105726	FBgn0027582
ENSG00000150991	FBgn0003943
ENSG00000110756	FBgn0086679
ENSG00000064703	FBgn0011802
ENSG00000110768	FBgn0033929
ENSG00000122406	FBgn0064225
ENSG00000144591	FBgn0034035
ENSG00000105640	FBgn0010409
ENSG00000065883	FBgn0037093
ENSG00000178691	FBgn0020887
ENSG00000181031	FBgn0030230
ENSG00000170145	FBgn0025625
ENSG00000158486	FBgn0035581
ENSG00000163632	FBgn0031620
ENSG00000078070	FBgn0039877
ENSG00000151502	FBgn0014411
ENSG00000139631	FBgn0000153
ENSG00000188886	FBgn0037395
ENSG00000121579	FBgn0024188
ENSG00000103005	FBgn0037713
ENSG00000040531	FBgn0039045
ENSG00000011485	FBgn0005777
ENSG00000172551	FBgn0032834
ENSG00000213977	FBgn0035148
ENSG00000198843	FBgn0031670
ENSG00000127774	FBgn0039259
ENSG00000177030	FBgn0013799
ENSG00000102893	FBgn0031995
ENSG00000114650	FBgn0033052
ENSG00000087157	FBgn0038649
ENSG00000151503	FBgn0051989
ENSG00000183598	FBgn0053833
ENSG00000178096	FBgn0051126
ENSG00000103249	FBgn0033755
ENSG00000143368	FBgn0015818
ENSG00000154781	FBgn0038583
ENSG00000178252	FBgn0053172
ENSG00000115718	FBgn0030777
ENSG00000229833	FBgn0034248
ENSG00000124299	FBgn0000455
ENSG00000113851	FBgn0037780
ENSG00000004897	FBgn0012058
ENSG00000108384	FBgn0003482
ENSG00000076555	FBgn0033246
ENSG00000141101	FBgn0030177
ENSG00000143742	FBgn0035827
ENSG00000102908	FBgn0030505
ENSG00000163882	FBgn0037121
ENSG00000131558	FBgn0266672
ENSG00000182973	FBgn0260444
ENSG00000135441	FBgn0050077
ENSG00000116649	FBgn0037723
ENSG00000171824	FBgn0038269
ENSG00000144741	FBgn0039357
ENSG00000117614	FBgn0033556
ENSG00000187555	FBgn0030366
ENSG00000105372	FBgn0039129
ENSG00000105404	FBgn0033468
ENSG00000018699	FBgn0036772
ENSG00000108588	FBgn0031544
ENSG00000139714	FBgn0050429
ENSG00000198231	FBgn0036104
ENSG00000160695	FBgn0052350
ENSG00000108592	FBgn0030720
ENSG00000087191	FBgn0039788
ENSG00000178105	FBgn0030855
ENSG00000161204	FBgn0036888
ENSG00000089154	FBgn0287182
ENSG00000130165	FBgn0063670
ENSG00000089157	FBgn0000100
ENSG00000273611	FBgn0034033
ENSG00000256269	FBgn0010786
ENSG00000103051	FBgn0032258
ENSG00000278311	FBgn0037360
ENSG00000171823	FBgn0020257
ENSG00000115275	FBgn0030289
ENSG00000038532	FBgn0038427
ENSG00000138442	FBgn0032298
ENSG00000055044	FBgn0026196
ENSG00000184007	FBgn0024734
ENSG00000157077	FBgn0026369
ENSG00000008952	FBgn0011584
ENSG00000149483	FBgn0031753
ENSG00000198522	FBgn0040346
ENSG00000178922	FBgn0011770
ENSG00000270170	FBgn0260392
ENSG00000165494	FBgn0264962
ENSG00000109101	FBgn0015396
ENSG00000141499	FBgn0031782
ENSG00000196639	FBgn0029909
ENSG00000197548	FBgn0034366
ENSG00000152404	FBgn0030655
ENSG00000132305	FBgn0019960
ENSG00000138071	FBgn0011742
ENSG00000141564	FBgn0029840
ENSG00000139343	FBgn0000426
ENSG00000135473	FBgn0033352
ENSG00000188493	FBgn0053108
ENSG00000174173	FBgn0034351
ENSG00000077312	FBgn0003449
ENSG00000213246	FBgn0028683
ENSG00000196290	FBgn0014092
ENSG00000143376	FBgn0052758
ENSG00000143436	FBgn0038319
ENSG00000105479	FBgn0038452
ENSG00000105486	FBgn0262619
ENSG00000020129	FBgn0037447
ENSG00000030066	FBgn0262647
ENSG00000010219	FBgn0016930
ENSG00000160124	FBgn0036909
ENSG00000149428	FBgn0023529
ENSG00000139180	FBgn0037001
ENSG00000125037	FBgn0032292
ENSG00000142230	FBgn0029512
ENSG00000180098	FBgn0031607
ENSG00000137513	FBgn0034177
ENSG00000167107	FBgn0031703
ENSG00000065000	FBgn0001087
ENSG00000158636	FBgn0031377
ENSG00000158234	FBgn0033985
ENSG00000104859	FBgn0039215
ENSG00000006282	FBgn0033924
ENSG00000174842	FBgn0050496
ENSG00000180176	FBgn0005626
ENSG00000135624	FBgn0037632
ENSG00000144559	FBgn0067628
ENSG00000122484	FBgn0085212
ENSG00000087502	FBgn0024983
ENSG00000176261	FBgn0038893
ENSG00000160392	FBgn0032488
ENSG00000090013	FBgn0037749
ENSG00000132485	FBgn0034750
ENSG00000088038	FBgn0033029
ENSG00000168061	FBgn0035998
ENSG00000110921	FBgn0061359
ENSG00000143363	FBgn0003116
ENSG00000162300	FBgn0038950
ENSG00000149823	FBgn0034380
ENSG00000111602	FBgn0038118
ENSG00000160785	FBgn0039223
ENSG00000197785	FBgn0287225
ENSG00000174276	FBgn0051223
ENSG00000149806	FBgn0038834
ENSG00000197530	FBgn0086442
ENSG00000149792	FBgn0030433
ENSG00000163517	FBgn0051119
ENSG00000036257	FBgn0261268
ENSG00000174371	FBgn0015553
ENSG00000184281	FBgn0036063
ENSG00000114473	FBgn0039522
ENSG00000182899	FBgn0037328
ENSG00000187778	FBgn0263832
ENSG00000166311	FBgn0034997
ENSG00000163125	FBgn0032688
ENSG00000182196	FBgn0039149
ENSG00000117481	FBgn0283525
ENSG00000171840	FBgn0038079
ENSG00000149262	FBgn0026679
ENSG00000142798	FBgn0284408
ENSG00000086827	FBgn0004643
ENSG00000169994	FBgn0040299
ENSG00000111218	FBgn0037834
ENSG00000143486	FBgn0041588
ENSG00000150316	FBgn0040235
ENSG00000175104	FBgn0265464
ENSG00000181830	FBgn0265351
ENSG00000215883	FBgn0030995
ENSG00000173653	FBgn0029121
ENSG00000173599	FBgn0027580
ENSG00000177084	FBgn0264326
ENSG00000173402	FBgn0034072
ENSG00000163933	FBgn0027564
ENSG00000119777	FBgn0053129
ENSG00000014138	FBgn0005696
ENSG00000189079	FBgn0042085
ENSG00000092850	FBgn0034816
ENSG00000126391	FBgn0039282
ENSG00000138073	FBgn0031779
ENSG00000084774	FBgn0003189
ENSG00000143553	FBgn0031455
ENSG00000163913	FBgn0265102
ENSG00000181817	FBgn0033554
ENSG00000115204	FBgn0039930
ENSG00000116885	FBgn0033685
ENSG00000110717	FBgn0017567
ENSG00000116898	FBgn0026261
ENSG00000188846	FBgn0017579
ENSG00000020922	FBgn0020270
ENSG00000004487	FBgn0260397
ENSG00000168876	FBgn0261881
ENSG00000137760	FBgn0034748
ENSG00000174243	FBgn0032690
ENSG00000141279	FBgn0261243
ENSG00000126749	FBgn0029714
ENSG00000115839	FBgn0051935
ENSG00000185163	FBgn0004556
ENSG00000184967	FBgn0029672
ENSG00000116350	FBgn0004587
ENSG00000129197	FBgn0032189
ENSG00000023228	FBgn0017566
ENSG00000108561	FBgn0034259
ENSG00000005100	FBgn0032194
ENSG00000108559	FBgn0026207
ENSG00000110057	FBgn0023524
ENSG00000163344	FBgn0032811
ENSG00000163527	FBgn0011336
ENSG00000174775	FBgn0003205
ENSG00000132746	FBgn0010548
ENSG00000163466	FBgn0032859
ENSG00000184307	FBgn0031495
ENSG00000151576	FBgn0036000
ENSG00000061938	FBgn0028484
ENSG00000110713	FBgn0039120
ENSG00000186094	FBgn0051019
ENSG00000168894	FBgn0038627
ENSG00000168883	FBgn0030969
ENSG00000168827	FBgn0263133
ENSG00000072756	FBgn0037369
ENSG00000169507	FBgn0033368
ENSG00000131368	FBgn0030572
ENSG00000131381	FBgn0261064
ENSG00000163728	FBgn0037855
ENSG00000284862	FBgn0037276
ENSG00000068912	FBgn0032398
ENSG00000115486	FBgn0035245
ENSG00000138231	FBgn0035838
ENSG00000060642	FBgn0265174
ENSG00000142751	FBgn0036356
ENSG00000090273	FBgn0021768
ENSG00000058804	FBgn0039125
ENSG00000010165	FBgn0032873
ENSG00000162972	FBgn0035088
ENSG00000135845	FBgn0035435
ENSG00000203666	FBgn0034592
ENSG00000155636	FBgn0035526
ENSG00000085433	FBgn0034931
ENSG00000144043	FBgn0034849
ENSG00000124357	FBgn0038321
ENSG00000173175	FBgn0263131
ENSG00000185104	FBgn0034068
ENSG00000136699	FBgn0037958
ENSG00000144674	FBgn0034854
ENSG00000173950	FBgn0034959
ENSG00000143870	FBgn0025678
ENSG00000113966	FBgn0034446
ENSG00000133226	FBgn0036340
ENSG00000115761	FBgn0261535
ENSG00000162409	FBgn0023169
ENSG00000247626	FBgn0027083
ENSG00000003400	FBgn0020381
ENSG00000115392	FBgn0037781
ENSG00000174579	FBgn0005616
ENSG00000115317	FBgn0038233
ENSG00000115484	FBgn0032444
ENSG00000203852	FBgn0053815
ENSG00000122435	FBgn0037435
ENSG00000203811	FBgn0053854
ENSG00000198648	FBgn0023083
ENSG00000204334	FBgn0038246
ENSG00000115866	FBgn0002069
ENSG00000198700	FBgn0037894
ENSG00000151689	FBgn0016672
ENSG00000265241	FBgn0033378
ENSG00000198130	FBgn0038326
ENSG00000121964	FBgn0030700
ENSG00000120656	FBgn0011290
ENSG00000197780	FBgn0032847
ENSG00000136628	FBgn0005674
ENSG00000125630	FBgn0003278
ENSG00000162813	FBgn0039698
ENSG00000067704	FBgn0036569
ENSG00000118873	FBgn0027505
ENSG00000115211	FBgn0034858
ENSG00000168874	FBgn0002931
ENSG00000085999	FBgn0002989
ENSG00000117475	FBgn0037688
ENSG00000203685	FBgn0050263
ENSG00000127125	FBgn0261285
ENSG00000009307	FBgn0263352
ENSG00000117153	FBgn0001301
ENSG00000163444	FBgn0033813
ENSG00000127481	FBgn0011230
ENSG00000183155	FBgn0032020
ENSG00000007923	FBgn0033918
ENSG00000124383	FBgn0032051
ENSG00000144029	FBgn0287187
ENSG00000127463	FBgn0037530
ENSG00000115128	FBgn0035692
ENSG00000176732	FBgn0000308
ENSG00000117543	FBgn0024558
ENSG00000164008	FBgn0051800
ENSG00000115306	FBgn0250788
ENSG00000169764	FBgn0035978
ENSG00000115561	FBgn0037231
ENSG00000184588	FBgn0000479
ENSG00000162927	FBgn0031227
ENSG00000084070	FBgn0033349
ENSG00000162928	FBgn0033812
ENSG00000163159	FBgn0032321
ENSG00000119203	FBgn0261065
ENSG00000116459	FBgn0019644
ENSG00000151694	FBgn0039734
ENSG00000153936	FBgn0024230
ENSG00000177674	FBgn0052638
ENSG00000177000	FBgn0036157
ENSG00000135900	FBgn0037330
ENSG00000144366	FBgn0029092
ENSG00000116062	FBgn0036486
ENSG00000066136	FBgn0029905
ENSG00000115760	FBgn0266717
ENSG00000123472	FBgn0022344
ENSG00000031698	FBgn0031497
ENSG00000143106	FBgn0016697
ENSG00000004455	FBgn0283494
ENSG00000180667	FBgn0035593
ENSG00000070831	FBgn0010341
ENSG00000151690	FBgn0033958
ENSG00000065548	FBgn0033317
ENSG00000117597	FBgn0034933
ENSG00000134684	FBgn0027080
ENSG00000162735	FBgn0032407
ENSG00000122218	FBgn0025725
ENSG00000152904	FBgn0019662
ENSG00000065526	FBgn0016977
ENSG00000043514	FBgn0043799
ENSG00000143258	FBgn0031187
ENSG00000162676	FBgn0002573
ENSG00000084623	FBgn0015834
ENSG00000143612	FBgn0034172
ENSG00000116586	FBgn0034350
ENSG00000117133	FBgn0032408
ENSG00000117151	FBgn0051973
ENSG00000116670	FBgn0037345
ENSG00000088035	FBgn0032234
ENSG00000125459	FBgn0020272
ENSG00000143575	FBgn0031683
ENSG00000143643	FBgn0038324
ENSG00000173409	FBgn0052442
ENSG00000116729	FBgn0036141
ENSG00000176022	FBgn0033315
ENSG00000160087	FBgn0038515
ENSG00000117360	FBgn0036915
ENSG00000169972	FBgn0083976
ENSG00000127054	FBgn0039691
ENSG00000186501	FBgn0032000
ENSG00000136631	FBgn0261049
ENSG00000186141	FBgn0038057
ENSG00000162368	FBgn0022709
ENSG00000082497	FBgn0023526
ENSG00000132768	FBgn0038272
ENSG00000162736	FBgn0039234
ENSG00000142784	FBgn0000057
ENSG00000135801	FBgn0039067
ENSG00000120942	FBgn0028375
ENSG00000198793	FBgn0021796
ENSG00000143393	FBgn0004373
ENSG00000143416	FBgn0038115
ENSG00000159377	FBgn0250746
ENSG00000117682	FBgn0029980
